id;timestamp;groupid;from_mac;to_mac;sensorvalue_a;sensorvalue_b;sensorvalue_c;sensorvalue_d;sensorvalue_e;sensorvalue_f
2;2025-11-14 09:55:15;0;DE:8B:2E:A0:75:67;b8:27:eb:45:02:71;0.0;1232.0;1547.0;1618.0;0.0;0:1232:1547:1618
3;2025-11-14 09:55:16;0;DE:8B:2E:A0:75:67;b8:27:eb:45:02:71;0.0;1226.0;1550.0;1617.0;0.0;0:1226:1550:1617
4;2025-11-14 09:55:16;0;DE:8B:2E:A0:75:67;b8:27:eb:45:02:71;0.0;1232.0;1553.0;1618.0;0.0;0:1232:1553:1618
5;2025-11-14 09:55:17;0;DE:8B:2E:A0:75:67;b8:27:eb:45:02:71;0.0;1232.0;1552.0;1610.0;0.0;0:1232:1552:1610
6;2025-11-14 09:55:17;0;DE:8B:2E:A0:75:67;b8:27:eb:45:02:71;0.0;1229.0;1550.0;1613.0;0.0;0:1229:1550:1613
7;2025-11-14 09:55:18;0;DE:8B:2E:A0:75:67;b8:27:eb:45:02:71;0.0;1225.0;1551.0;1619.0;0.0;0:1225:1551:1619
8;2025-11-14 09:55:18;0;DE:8B:2E:A0:75:67;b8:27:eb:45:02:71;0.0;1229.0;1555.0;1615.0;0.0;0:1229:1555:1615
9;2025-11-14 09:55:19;0;DE:8B:2E:A0:75:67;b8:27:eb:45:02:71;0.0;1226.0;1554.0;1611.0;0.0;0:1226:1554:1611
10;2025-11-14 09:55:19;0;DE:8B:2E:A0:75:67;b8:27:eb:45:02:71;0.0;1233.0;1553.0;1615.0;0.0;0:1233:1553:1615
11;2025-11-14 09:55:20;0;DE:8B:2E:A0:75:67;b8:27:eb:45:02:71;0.0;1237.0;1549.0;1620.0;0.0;0:1237:1549:1620
12;2025-11-14 09:55:20;0;DE:8B:2E:A0:75:67;b8:27:eb:45:02:71;0.0;1224.0;1557.0;1614.0;0.0;0:1224:1557:1614
13;2025-11-14 09:55:21;0;DE:8B:2E:A0:75:67;b8:27:eb:45:02:71;0.0;1228.0;1553.0;1613.0;0.0;0:1228:1553:1613
14;2025-11-14 09:55:21;0;DE:8B:2E:A0:75:67;b8:27:eb:45:02:71;0.0;1226.0;1552.0;1619.0;0.0;0:1226:1552:1619
15;2025-11-14 09:55:22;0;DE:8B:2E:A0:75:67;b8:27:eb:45:02:71;0.0;1230.0;1550.0;1615.0;0.0;0:1230:1550:1615
16;2025-11-14 09:55:22;0;DE:8B:2E:A0:75:67;b8:27:eb:45:02:71;0.0;1228.0;1552.0;1611.0;0.0;0:1228:1552:1611
17;2025-11-14 09:55:23;0;DE:8B:2E:A0:75:67;b8:27:eb:45:02:71;0.0;1227.0;1549.0;1611.0;0.0;0:1227:1549:1611
18;2025-11-14 09:55:23;0;DE:8B:2E:A0:75:67;b8:27:eb:45:02:71;0.0;1234.0;1558.0;1617.0;0.0;0:1234:1558:1617
19;2025-11-14 09:55:29;0;DE:8B:2E:A0:75:67;b8:27:eb:45:02:71;0.0;1222.0;1553.0;1612.0;0.0;0:1222:1553:1612
20;2025-11-14 09:55:29;0;DE:8B:2E:A0:75:67;b8:27:eb:45:02:71;0.0;1231.0;1554.0;1617.0;0.0;0:1231:1554:1617
21;2025-11-14 09:55:30;0;DE:8B:2E:A0:75:67;b8:27:eb:45:02:71;0.0;1238.0;1555.0;1607.0;0.0;0:1238:1555:1607
22;2025-11-14 09:55:30;0;DE:8B:2E:A0:75:67;b8:27:eb:45:02:71;0.0;1229.0;1553.0;1615.0;0.0;0:1229:1553:1615
23;2025-11-14 09:55:31;0;DE:8B:2E:A0:75:67;b8:27:eb:45:02:71;0.0;1227.0;1551.0;1616.0;0.0;0:1227:1551:1616
24;2025-11-14 09:55:31;0;DE:8B:2E:A0:75:67;b8:27:eb:45:02:71;0.0;1232.0;1550.0;1612.0;0.0;0:1232:1550:1612
25;2025-11-14 09:55:32;0;DE:8B:2E:A0:75:67;b8:27:eb:45:02:71;0.0;1233.0;1549.0;1617.0;0.0;0:1233:1549:1617
26;2025-11-14 09:55:32;0;DE:8B:2E:A0:75:67;b8:27:eb:45:02:71;0.0;1230.0;1557.0;1612.0;0.0;0:1230:1557:1612
27;2025-11-14 09:55:33;0;DE:8B:2E:A0:75:67;b8:27:eb:45:02:71;0.0;1227.0;1553.0;1616.0;0.0;0:1227:1553:1616
28;2025-11-14 09:55:33;0;DE:8B:2E:A0:75:67;b8:27:eb:45:02:71;0.0;1235.0;1545.0;1617.0;0.0;0:1235:1545:1617
29;2025-11-14 09:55:34;0;DE:8B:2E:A0:75:67;b8:27:eb:45:02:71;0.0;1230.0;1549.0;1617.0;0.0;0:1230:1549:1617
30;2025-11-14 09:55:34;0;DE:8B:2E:A0:75:67;b8:27:eb:45:02:71;0.0;1237.0;1553.0;1617.0;0.0;0:1237:1553:1617
31;2025-11-14 09:55:35;0;DE:8B:2E:A0:75:67;b8:27:eb:45:02:71;0.0;1228.0;1553.0;1612.0;0.0;0:1228:1553:1612
32;2025-11-14 09:55:35;0;DE:8B:2E:A0:75:67;b8:27:eb:45:02:71;0.0;1237.0;1554.0;1609.0;0.0;0:1237:1554:1609
33;2025-11-14 09:55:36;0;DE:8B:2E:A0:75:67;b8:27:eb:45:02:71;0.0;1222.0;1551.0;1617.0;0.0;0:1222:1551:1617
34;2025-11-14 09:55:36;0;DE:8B:2E:A0:75:67;b8:27:eb:45:02:71;0.0;1232.0;1553.0;1608.0;0.0;0:1232:1553:1608
35;2025-11-14 09:55:37;0;DE:8B:2E:A0:75:67;b8:27:eb:45:02:71;0.0;1230.0;1553.0;1616.0;0.0;0:1230:1553:1616
36;2025-11-14 09:55:37;0;DE:8B:2E:A0:75:67;b8:27:eb:45:02:71;0.0;1229.0;1553.0;1617.0;0.0;0:1229:1553:1617
37;2025-11-14 09:55:38;0;DE:8B:2E:A0:75:67;b8:27:eb:45:02:71;0.0;1230.0;1554.0;1617.0;0.0;0:1230:1554:1617
38;2025-11-14 09:55:38;0;DE:8B:2E:A0:75:67;b8:27:eb:45:02:71;0.0;1227.0;1548.0;1614.0;0.0;0:1227:1548:1614
39;2025-11-14 09:55:39;0;DE:8B:2E:A0:75:67;b8:27:eb:45:02:71;0.0;1231.0;1550.0;1609.0;0.0;0:1231:1550:1609
40;2025-11-14 09:55:39;0;DE:8B:2E:A0:75:67;b8:27:eb:45:02:71;0.0;1226.0;1552.0;1616.0;0.0;0:1226:1552:1616
41;2025-11-14 09:55:40;0;DE:8B:2E:A0:75:67;b8:27:eb:45:02:71;0.0;1233.0;1552.0;1613.0;0.0;0:1233:1552:1613
42;2025-11-14 09:55:40;0;DE:8B:2E:A0:75:67;b8:27:eb:45:02:71;0.0;1226.0;1560.0;1617.0;0.0;0:1226:1560:1617
43;2025-11-14 09:55:41;0;DE:8B:2E:A0:75:67;b8:27:eb:45:02:71;0.0;1230.0;1547.0;1611.0;0.0;0:1230:1547:1611
44;2025-11-14 09:55:41;0;DE:8B:2E:A0:75:67;b8:27:eb:45:02:71;0.0;1224.0;1549.0;1609.0;0.0;0:1224:1549:1609
45;2025-11-14 09:55:42;0;DE:8B:2E:A0:75:67;b8:27:eb:45:02:71;0.0;1233.0;1545.0;1612.0;0.0;0:1233:1545:1612
46;2025-11-14 09:58:25;0;DE:8B:2E:A0:75:67;b8:27:eb:45:02:71;0.0;1227.0;1552.0;1608.0;0.0;0:1227:1552:1608
47;2025-11-14 09:58:26;0;DE:8B:2E:A0:75:67;b8:27:eb:45:02:71;0.0;1233.0;1553.0;1613.0;0.0;0:1233:1553:1613
48;2025-11-14 09:58:26;0;DE:8B:2E:A0:75:67;b8:27:eb:45:02:71;0.0;1227.0;1548.0;1614.0;0.0;0:1227:1548:1614
49;2025-11-14 09:58:27;0;DE:8B:2E:A0:75:67;b8:27:eb:45:02:71;0.0;1226.0;1549.0;1613.0;0.0;0:1226:1549:1613
50;2025-11-14 09:58:27;0;DE:8B:2E:A0:75:67;b8:27:eb:45:02:71;0.0;1222.0;1547.0;1610.0;0.0;0:1222:1547:1610
51;2025-11-14 09:58:28;0;DE:8B:2E:A0:75:67;b8:27:eb:45:02:71;0.0;1230.0;1560.0;1609.0;0.0;0:1230:1560:1609
52;2025-11-14 09:58:28;0;DE:8B:2E:A0:75:67;b8:27:eb:45:02:71;0.0;1225.0;1552.0;1612.0;0.0;0:1225:1552:1612
53;2025-11-14 09:58:29;0;DE:8B:2E:A0:75:67;b8:27:eb:45:02:71;0.0;1228.0;1548.0;1613.0;0.0;0:1228:1548:1613
54;2025-11-14 09:58:29;0;DE:8B:2E:A0:75:67;b8:27:eb:45:02:71;0.0;1230.0;1560.0;1613.0;0.0;0:1230:1560:1613
55;2025-11-14 09:58:30;0;DE:8B:2E:A0:75:67;b8:27:eb:45:02:71;0.0;1226.0;1553.0;1611.0;0.0;0:1226:1553:1611
56;2025-11-14 09:58:30;0;DE:8B:2E:A0:75:67;b8:27:eb:45:02:71;0.0;1225.0;1556.0;1611.0;0.0;0:1225:1556:1611
57;2025-11-14 09:58:31;0;DE:8B:2E:A0:75:67;b8:27:eb:45:02:71;0.0;1229.0;1553.0;1609.0;0.0;0:1229:1553:1609
58;2025-11-14 09:58:31;0;DE:8B:2E:A0:75:67;b8:27:eb:45:02:71;0.0;1230.0;1549.0;1609.0;0.0;0:1230:1549:1609
59;2025-11-14 09:58:32;0;DE:8B:2E:A0:75:67;b8:27:eb:45:02:71;0.0;1230.0;1553.0;1605.0;0.0;0:1230:1553:1605
60;2025-11-14 09:58:32;0;DE:8B:2E:A0:75:67;b8:27:eb:45:02:71;0.0;1227.0;1552.0;1609.0;0.0;0:1227:1552:1609
61;2025-11-14 09:58:33;0;DE:8B:2E:A0:75:67;b8:27:eb:45:02:71;0.0;1230.0;1556.0;1616.0;0.0;0:1230:1556:1616
62;2025-11-14 09:58:33;0;DE:8B:2E:A0:75:67;b8:27:eb:45:02:71;0.0;1223.0;1545.0;1604.0;0.0;0:1223:1545:1604
63;2025-11-14 09:58:34;0;DE:8B:2E:A0:75:67;b8:27:eb:45:02:71;0.0;1227.0;1553.0;1606.0;0.0;0:1227:1553:1606
64;2025-11-14 09:58:34;0;DE:8B:2E:A0:75:67;b8:27:eb:45:02:71;0.0;1226.0;1548.0;1611.0;0.0;0:1226:1548:1611
65;2025-11-14 09:58:35;0;DE:8B:2E:A0:75:67;b8:27:eb:45:02:71;0.0;1230.0;1553.0;1609.0;0.0;0:1230:1553:1609
66;2025-11-14 09:58:35;0;DE:8B:2E:A0:75:67;b8:27:eb:45:02:71;0.0;1227.0;1552.0;1613.0;0.0;0:1227:1552:1613
67;2025-11-14 09:58:36;0;DE:8B:2E:A0:75:67;b8:27:eb:45:02:71;0.0;1229.0;1549.0;1611.0;0.0;0:1229:1549:1611
68;2025-11-14 09:58:36;0;DE:8B:2E:A0:75:67;b8:27:eb:45:02:71;0.0;1227.0;1547.0;1616.0;0.0;0:1227:1547:1616
69;2025-11-14 09:58:37;0;DE:8B:2E:A0:75:67;b8:27:eb:45:02:71;0.0;1230.0;1546.0;1608.0;0.0;0:1230:1546:1608
70;2025-11-14 09:58:37;0;DE:8B:2E:A0:75:67;b8:27:eb:45:02:71;0.0;1228.0;1554.0;1614.0;0.0;0:1228:1554:1614
71;2025-11-14 09:58:38;0;DE:8B:2E:A0:75:67;b8:27:eb:45:02:71;0.0;1230.0;1557.0;1612.0;0.0;0:1230:1557:1612
72;2025-11-14 09:58:38;0;DE:8B:2E:A0:75:67;b8:27:eb:45:02:71;0.0;1231.0;1560.0;1614.0;0.0;0:1231:1560:1614
73;2025-11-14 09:58:39;0;DE:8B:2E:A0:75:67;b8:27:eb:45:02:71;0.0;1227.0;1554.0;1614.0;0.0;0:1227:1554:1614
74;2025-11-14 09:58:39;0;DE:8B:2E:A0:75:67;b8:27:eb:45:02:71;0.0;1226.0;1553.0;1615.0;0.0;0:1226:1553:1615
75;2025-11-14 09:58:40;0;DE:8B:2E:A0:75:67;b8:27:eb:45:02:71;0.0;1226.0;1555.0;1612.0;0.0;0:1226:1555:1612
76;2025-11-14 09:58:40;0;DE:8B:2E:A0:75:67;b8:27:eb:45:02:71;0.0;1226.0;1553.0;1611.0;0.0;0:1226:1553:1611
77;2025-11-14 09:58:41;0;DE:8B:2E:A0:75:67;b8:27:eb:45:02:71;0.0;1243.0;1566.0;1625.0;0.0;0:1243:1566:1625
78;2025-11-14 09:58:41;0;DE:8B:2E:A0:75:67;b8:27:eb:45:02:71;0.0;1107.0;1596.0;1531.0;0.0;0:1107:1596:1531
79;2025-11-14 09:58:42;0;DE:8B:2E:A0:75:67;b8:27:eb:45:02:71;0.0;1364.0;1462.0;1705.0;0.0;0:1364:1462:1705
80;2025-11-14 09:58:42;0;DE:8B:2E:A0:75:67;b8:27:eb:45:02:71;0.0;1276.0;1404.0;1778.0;0.0;0:1276:1404:1778
81;2025-11-14 09:58:43;0;DE:8B:2E:A0:75:67;b8:27:eb:45:02:71;0.0;1436.0;1487.0;1905.0;0.0;0:1436:1487:1905
82;2025-11-14 09:58:43;0;DE:8B:2E:A0:75:67;b8:27:eb:45:02:71;0.0;1541.0;1380.0;1806.0;0.0;0:1541:1380:1806
83;2025-11-14 09:58:44;0;DE:8B:2E:A0:75:67;b8:27:eb:45:02:71;0.0;1560.0;1381.0;1801.0;0.0;0:1560:1381:1801
84;2025-11-14 09:58:44;0;DE:8B:2E:A0:75:67;b8:27:eb:45:02:71;0.0;1627.0;1277.0;1560.0;0.0;0:1627:1277:1560
85;2025-11-14 09:58:45;0;DE:8B:2E:A0:75:67;b8:27:eb:45:02:71;0.0;1575.0;1261.0;1360.0;0.0;0:1575:1261:1360
86;2025-11-14 09:58:45;0;DE:8B:2E:A0:75:67;b8:27:eb:45:02:71;0.0;1582.0;1420.0;1293.0;0.0;0:1582:1420:1293
87;2025-11-14 09:58:46;0;DE:8B:2E:A0:75:67;b8:27:eb:45:02:71;0.0;1689.0;1287.0;1216.0;0.0;0:1689:1287:1216
88;2025-11-14 09:58:46;0;DE:8B:2E:A0:75:67;b8:27:eb:45:02:71;0.0;1682.0;1321.0;1681.0;0.0;0:1682:1321:1681
89;2025-11-14 09:58:47;0;DE:8B:2E:A0:75:67;b8:27:eb:45:02:71;0.0;1659.0;1267.0;1720.0;0.0;0:1659:1267:1720
90;2025-11-14 09:58:47;0;DE:8B:2E:A0:75:67;b8:27:eb:45:02:71;0.0;1594.0;1305.0;1759.0;0.0;0:1594:1305:1759
91;2025-11-14 09:58:48;0;DE:8B:2E:A0:75:67;b8:27:eb:45:02:71;0.0;1585.0;1327.0;1756.0;0.0;0:1585:1327:1756
92;2025-11-14 09:58:48;0;DE:8B:2E:A0:75:67;b8:27:eb:45:02:71;0.0;1589.0;1339.0;1763.0;0.0;0:1589:1339:1763
93;2025-11-14 09:58:49;0;DE:8B:2E:A0:75:67;b8:27:eb:45:02:71;0.0;1285.0;1257.0;1749.0;0.0;0:1285:1257:1749
94;2025-11-14 09:58:49;0;DE:8B:2E:A0:75:67;b8:27:eb:45:02:71;0.0;1494.0;1349.0;1786.0;0.0;0:1494:1349:1786
95;2025-11-14 09:58:50;0;DE:8B:2E:A0:75:67;b8:27:eb:45:02:71;0.0;1477.0;1357.0;1791.0;0.0;0:1477:1357:1791
96;2025-11-14 09:58:50;0;DE:8B:2E:A0:75:67;b8:27:eb:45:02:71;0.0;1465.0;1326.0;1766.0;0.0;0:1465:1326:1766
97;2025-11-14 09:58:51;0;DE:8B:2E:A0:75:67;b8:27:eb:45:02:71;0.0;1516.0;1346.0;1778.0;0.0;0:1516:1346:1778
98;2025-11-14 09:58:51;0;DE:8B:2E:A0:75:67;b8:27:eb:45:02:71;0.0;1450.0;1364.0;1792.0;0.0;0:1450:1364:1792
99;2025-11-14 09:58:52;0;DE:8B:2E:A0:75:67;b8:27:eb:45:02:71;0.0;1435.0;1363.0;1792.0;0.0;0:1435:1363:1792
100;2025-11-14 09:58:52;0;DE:8B:2E:A0:75:67;b8:27:eb:45:02:71;0.0;1467.0;1355.0;1786.0;0.0;0:1467:1355:1786
101;2025-11-14 09:58:53;0;DE:8B:2E:A0:75:67;b8:27:eb:45:02:71;0.0;1486.0;1393.0;1805.0;0.0;0:1486:1393:1805
102;2025-11-14 09:58:53;0;DE:8B:2E:A0:75:67;b8:27:eb:45:02:71;0.0;1498.0;1425.0;1811.0;0.0;0:1498:1425:1811
103;2025-11-14 09:58:54;0;DE:8B:2E:A0:75:67;b8:27:eb:45:02:71;0.0;1498.0;1429.0;1778.0;0.0;0:1498:1429:1778
104;2025-11-14 09:58:54;0;DE:8B:2E:A0:75:67;b8:27:eb:45:02:71;0.0;1512.0;1440.0;1814.0;0.0;0:1512:1440:1814
105;2025-11-14 09:58:55;0;DE:8B:2E:A0:75:67;b8:27:eb:45:02:71;0.0;1520.0;1473.0;1841.0;0.0;0:1520:1473:1841
106;2025-11-14 10:08:39;0;DE:8B:2E:A0:75:67;b8:27:eb:45:02:71;0.0;1321.0;1412.0;1747.0;0.0;0:1321:1412:1747
107;2025-11-14 10:08:39;0;DE:8B:2E:A0:75:67;b8:27:eb:45:02:71;0.0;1313.0;1413.0;1758.0;0.0;0:1313:1413:1758
108;2025-11-14 10:08:40;0;DE:8B:2E:A0:75:67;b8:27:eb:45:02:71;0.0;1313.0;1416.0;1750.0;0.0;0:1313:1416:1750
109;2025-11-14 10:08:40;0;DE:8B:2E:A0:75:67;b8:27:eb:45:02:71;0.0;1321.0;1410.0;1749.0;0.0;0:1321:1410:1749
110;2025-11-14 10:08:41;0;DE:8B:2E:A0:75:67;b8:27:eb:45:02:71;0.0;1314.0;1414.0;1757.0;0.0;0:1314:1414:1757
111;2025-11-14 10:08:41;0;DE:8B:2E:A0:75:67;b8:27:eb:45:02:71;0.0;1320.0;1413.0;1742.0;0.0;0:1320:1413:1742
112;2025-11-14 10:08:42;0;DE:8B:2E:A0:75:67;b8:27:eb:45:02:71;0.0;1323.0;1415.0;1753.0;0.0;0:1323:1415:1753
113;2025-11-14 10:08:42;0;DE:8B:2E:A0:75:67;b8:27:eb:45:02:71;0.0;1317.0;1418.0;1752.0;0.0;0:1317:1418:1752
114;2025-11-14 10:08:43;0;DE:8B:2E:A0:75:67;b8:27:eb:45:02:71;0.0;1327.0;1415.0;1751.0;0.0;0:1327:1415:1751
115;2025-11-14 10:08:43;0;DE:8B:2E:A0:75:67;b8:27:eb:45:02:71;0.0;1322.0;1413.0;1750.0;0.0;0:1322:1413:1750
116;2025-11-14 10:08:44;0;DE:8B:2E:A0:75:67;b8:27:eb:45:02:71;0.0;1315.0;1420.0;1756.0;0.0;0:1315:1420:1756
117;2025-11-14 10:08:44;0;DE:8B:2E:A0:75:67;b8:27:eb:45:02:71;0.0;1314.0;1415.0;1749.0;0.0;0:1314:1415:1749
118;2025-11-14 10:08:45;0;DE:8B:2E:A0:75:67;b8:27:eb:45:02:71;0.0;1318.0;1413.0;1753.0;0.0;0:1318:1413:1753
119;2025-11-14 10:08:45;0;DE:8B:2E:A0:75:67;b8:27:eb:45:02:71;0.0;1317.0;1413.0;1757.0;0.0;0:1317:1413:1757
120;2025-11-14 10:08:46;0;DE:8B:2E:A0:75:67;b8:27:eb:45:02:71;0.0;1317.0;1422.0;1749.0;0.0;0:1317:1422:1749
121;2025-11-14 10:08:46;0;DE:8B:2E:A0:75:67;b8:27:eb:45:02:71;0.0;1314.0;1416.0;1746.0;0.0;0:1314:1416:1746
122;2025-11-14 10:08:47;0;DE:8B:2E:A0:75:67;b8:27:eb:45:02:71;0.0;1317.0;1412.0;1753.0;0.0;0:1317:1412:1753
123;2025-11-14 10:08:47;0;DE:8B:2E:A0:75:67;b8:27:eb:45:02:71;0.0;1320.0;1415.0;1755.0;0.0;0:1320:1415:1755
124;2025-11-14 10:08:48;0;DE:8B:2E:A0:75:67;b8:27:eb:45:02:71;0.0;1320.0;1420.0;1752.0;0.0;0:1320:1420:1752
125;2025-11-14 10:08:48;0;DE:8B:2E:A0:75:67;b8:27:eb:45:02:71;0.0;1314.0;1419.0;1752.0;0.0;0:1314:1419:1752
126;2025-11-14 10:08:49;0;DE:8B:2E:A0:75:67;b8:27:eb:45:02:71;0.0;1317.0;1418.0;1750.0;0.0;0:1317:1418:1750
127;2025-11-14 10:08:49;0;DE:8B:2E:A0:75:67;b8:27:eb:45:02:71;0.0;1320.0;1416.0;1750.0;0.0;0:1320:1416:1750
128;2025-11-14 10:08:50;0;DE:8B:2E:A0:75:67;b8:27:eb:45:02:71;0.0;1322.0;1419.0;1758.0;0.0;0:1322:1419:1758
129;2025-11-14 10:08:50;0;DE:8B:2E:A0:75:67;b8:27:eb:45:02:71;0.0;1318.0;1418.0;1754.0;0.0;0:1318:1418:1754
130;2025-11-14 10:08:51;0;DE:8B:2E:A0:75:67;b8:27:eb:45:02:71;0.0;1321.0;1416.0;1750.0;0.0;0:1321:1416:1750
131;2025-11-14 10:08:51;0;DE:8B:2E:A0:75:67;b8:27:eb:45:02:71;0.0;1318.0;1417.0;1749.0;0.0;0:1318:1417:1749
132;2025-11-14 10:08:52;0;DE:8B:2E:A0:75:67;b8:27:eb:45:02:71;0.0;1320.0;1420.0;1754.0;0.0;0:1320:1420:1754
133;2025-11-14 10:08:52;0;DE:8B:2E:A0:75:67;b8:27:eb:45:02:71;0.0;1317.0;1405.0;1751.0;0.0;0:1317:1405:1751
134;2025-11-14 10:08:53;0;DE:8B:2E:A0:75:67;b8:27:eb:45:02:71;0.0;1321.0;1418.0;1756.0;0.0;0:1321:1418:1756
135;2025-11-14 10:08:53;0;DE:8B:2E:A0:75:67;b8:27:eb:45:02:71;0.0;1321.0;1417.0;1753.0;0.0;0:1321:1417:1753
136;2025-11-14 10:08:54;0;DE:8B:2E:A0:75:67;b8:27:eb:45:02:71;0.0;1323.0;1417.0;1750.0;0.0;0:1323:1417:1750
137;2025-11-14 10:08:54;0;DE:8B:2E:A0:75:67;b8:27:eb:45:02:71;0.0;1313.0;1421.0;1749.0;0.0;0:1313:1421:1749
138;2025-11-14 10:08:55;0;DE:8B:2E:A0:75:67;b8:27:eb:45:02:71;0.0;1315.0;1413.0;1745.0;0.0;0:1315:1413:1745
139;2025-11-14 10:08:55;0;DE:8B:2E:A0:75:67;b8:27:eb:45:02:71;0.0;1316.0;1422.0;1750.0;0.0;0:1316:1422:1750
140;2025-11-14 10:08:56;0;DE:8B:2E:A0:75:67;b8:27:eb:45:02:71;0.0;1319.0;1419.0;1750.0;0.0;0:1319:1419:1750
141;2025-11-14 10:08:56;0;DE:8B:2E:A0:75:67;b8:27:eb:45:02:71;0.0;1322.0;1418.0;1749.0;0.0;0:1322:1418:1749
142;2025-11-14 10:08:57;0;DE:8B:2E:A0:75:67;b8:27:eb:45:02:71;0.0;1313.0;1417.0;1755.0;0.0;0:1313:1417:1755
143;2025-11-14 10:08:57;0;DE:8B:2E:A0:75:67;b8:27:eb:45:02:71;0.0;1320.0;1414.0;1752.0;0.0;0:1320:1414:1752
144;2025-11-14 10:08:58;0;DE:8B:2E:A0:75:67;b8:27:eb:45:02:71;0.0;1316.0;1422.0;1751.0;0.0;0:1316:1422:1751
145;2025-11-14 10:08:58;0;DE:8B:2E:A0:75:67;b8:27:eb:45:02:71;0.0;1318.0;1415.0;1742.0;0.0;0:1318:1415:1742
146;2025-11-14 10:08:59;0;DE:8B:2E:A0:75:67;b8:27:eb:45:02:71;0.0;1318.0;1413.0;1749.0;0.0;0:1318:1413:1749
147;2025-11-14 10:08:59;0;DE:8B:2E:A0:75:67;b8:27:eb:45:02:71;0.0;1319.0;1419.0;1756.0;0.0;0:1319:1419:1756
148;2025-11-14 10:09:00;0;DE:8B:2E:A0:75:67;b8:27:eb:45:02:71;0.0;1317.0;1418.0;1750.0;0.0;0:1317:1418:1750
149;2025-11-14 10:09:00;0;DE:8B:2E:A0:75:67;b8:27:eb:45:02:71;0.0;1321.0;1415.0;1751.0;0.0;0:1321:1415:1751
150;2025-11-14 10:09:01;0;DE:8B:2E:A0:75:67;b8:27:eb:45:02:71;0.0;1320.0;1423.0;1751.0;0.0;0:1320:1423:1751
151;2025-11-14 10:09:01;0;DE:8B:2E:A0:75:67;b8:27:eb:45:02:71;0.0;1321.0;1421.0;1745.0;0.0;0:1321:1421:1745
152;2025-11-14 10:09:02;0;DE:8B:2E:A0:75:67;b8:27:eb:45:02:71;0.0;1318.0;1421.0;1757.0;0.0;0:1318:1421:1757
153;2025-11-14 10:09:02;0;DE:8B:2E:A0:75:67;b8:27:eb:45:02:71;0.0;1325.0;1421.0;1753.0;0.0;0:1325:1421:1753
154;2025-11-14 10:09:03;0;DE:8B:2E:A0:75:67;b8:27:eb:45:02:71;0.0;1322.0;1415.0;1753.0;0.0;0:1322:1415:1753
155;2025-11-14 10:09:03;0;DE:8B:2E:A0:75:67;b8:27:eb:45:02:71;0.0;1313.0;1418.0;1754.0;0.0;0:1313:1418:1754
156;2025-11-14 10:09:04;0;DE:8B:2E:A0:75:67;b8:27:eb:45:02:71;0.0;1319.0;1420.0;1752.0;0.0;0:1319:1420:1752
157;2025-11-14 10:09:04;0;DE:8B:2E:A0:75:67;b8:27:eb:45:02:71;0.0;1313.0;1420.0;1755.0;0.0;0:1313:1420:1755
158;2025-11-14 10:09:05;0;DE:8B:2E:A0:75:67;b8:27:eb:45:02:71;0.0;1317.0;1414.0;1749.0;0.0;0:1317:1414:1749
159;2025-11-14 10:09:05;0;DE:8B:2E:A0:75:67;b8:27:eb:45:02:71;0.0;1322.0;1418.0;1753.0;0.0;0:1322:1418:1753
160;2025-11-14 10:09:06;0;DE:8B:2E:A0:75:67;b8:27:eb:45:02:71;0.0;1325.0;1412.0;1754.0;0.0;0:1325:1412:1754
161;2025-11-14 10:09:06;0;DE:8B:2E:A0:75:67;b8:27:eb:45:02:71;0.0;1312.0;1415.0;1753.0;0.0;0:1312:1415:1753
162;2025-11-14 10:09:07;0;DE:8B:2E:A0:75:67;b8:27:eb:45:02:71;0.0;1320.0;1405.0;1749.0;0.0;0:1320:1405:1749
163;2025-11-14 10:09:07;0;DE:8B:2E:A0:75:67;b8:27:eb:45:02:71;0.0;1320.0;1420.0;1757.0;0.0;0:1320:1420:1757
164;2025-11-14 10:09:08;0;DE:8B:2E:A0:75:67;b8:27:eb:45:02:71;0.0;1320.0;1420.0;1756.0;0.0;0:1320:1420:1756
165;2025-11-14 10:09:08;0;DE:8B:2E:A0:75:67;b8:27:eb:45:02:71;0.0;1320.0;1415.0;1752.0;0.0;0:1320:1415:1752
166;2025-11-14 10:10:22;0;DE:8B:2E:A0:75:67;b8:27:eb:45:02:71;0.0;1364.0;1429.0;1749.0;0.0;0:1364:1429:1749
167;2025-11-14 10:10:22;0;DE:8B:2E:A0:75:67;b8:27:eb:45:02:71;0.0;1334.0;1408.0;1749.0;0.0;0:1334:1408:1749
168;2025-11-14 10:10:23;0;DE:8B:2E:A0:75:67;b8:27:eb:45:02:71;0.0;1324.0;1412.0;1746.0;0.0;0:1324:1412:1746
169;2025-11-14 10:10:23;0;DE:8B:2E:A0:75:67;b8:27:eb:45:02:71;0.0;1321.0;1418.0;1749.0;0.0;0:1321:1418:1749
170;2025-11-14 10:10:24;0;DE:8B:2E:A0:75:67;b8:27:eb:45:02:71;0.0;1323.0;1416.0;1751.0;0.0;0:1323:1416:1751
171;2025-11-14 10:10:24;0;DE:8B:2E:A0:75:67;b8:27:eb:45:02:71;0.0;1321.0;1410.0;1751.0;0.0;0:1321:1410:1751
172;2025-11-14 10:10:25;0;DE:8B:2E:A0:75:67;b8:27:eb:45:02:71;0.0;1323.0;1408.0;1757.0;0.0;0:1323:1408:1757
173;2025-11-14 10:10:25;0;DE:8B:2E:A0:75:67;b8:27:eb:45:02:71;0.0;1326.0;1410.0;1750.0;0.0;0:1326:1410:1750
174;2025-11-14 10:10:26;0;DE:8B:2E:A0:75:67;b8:27:eb:45:02:71;0.0;1321.0;1413.0;1757.0;0.0;0:1321:1413:1757
175;2025-11-14 10:10:26;0;DE:8B:2E:A0:75:67;b8:27:eb:45:02:71;0.0;1313.0;1407.0;1754.0;0.0;0:1313:1407:1754
176;2025-11-14 10:10:27;0;DE:8B:2E:A0:75:67;b8:27:eb:45:02:71;0.0;1322.0;1408.0;1752.0;0.0;0:1322:1408:1752
177;2025-11-14 10:10:27;0;DE:8B:2E:A0:75:67;b8:27:eb:45:02:71;0.0;1323.0;1420.0;1749.0;0.0;0:1323:1420:1749
178;2025-11-14 10:10:28;0;DE:8B:2E:A0:75:67;b8:27:eb:45:02:71;0.0;1325.0;1418.0;1749.0;0.0;0:1325:1418:1749
179;2025-11-14 10:10:28;0;DE:8B:2E:A0:75:67;b8:27:eb:45:02:71;0.0;1320.0;1412.0;1755.0;0.0;0:1320:1412:1755
180;2025-11-14 10:10:29;0;DE:8B:2E:A0:75:67;b8:27:eb:45:02:71;0.0;1319.0;1410.0;1742.0;0.0;0:1319:1410:1742
181;2025-11-14 10:10:29;0;DE:8B:2E:A0:75:67;b8:27:eb:45:02:71;0.0;1313.0;1415.0;1749.0;0.0;0:1313:1415:1749
182;2025-11-14 10:10:30;0;DE:8B:2E:A0:75:67;b8:27:eb:45:02:71;0.0;1315.0;1414.0;1751.0;0.0;0:1315:1414:1751
183;2025-11-14 10:10:30;0;DE:8B:2E:A0:75:67;b8:27:eb:45:02:71;0.0;1317.0;1411.0;1750.0;0.0;0:1317:1411:1750
184;2025-11-14 10:10:31;0;DE:8B:2E:A0:75:67;b8:27:eb:45:02:71;0.0;1318.0;1418.0;1753.0;0.0;0:1318:1418:1753
185;2025-11-14 10:10:31;0;DE:8B:2E:A0:75:67;b8:27:eb:45:02:71;0.0;1314.0;1415.0;1749.0;0.0;0:1314:1415:1749
186;2025-11-14 10:10:32;0;DE:8B:2E:A0:75:67;b8:27:eb:45:02:71;0.0;1315.0;1412.0;1749.0;0.0;0:1315:1412:1749
187;2025-11-14 10:10:32;0;DE:8B:2E:A0:75:67;b8:27:eb:45:02:71;0.0;1321.0;1414.0;1749.0;0.0;0:1321:1414:1749
188;2025-11-14 10:10:33;0;DE:8B:2E:A0:75:67;b8:27:eb:45:02:71;0.0;1319.0;1415.0;1749.0;0.0;0:1319:1415:1749
189;2025-11-14 10:10:33;0;DE:8B:2E:A0:75:67;b8:27:eb:45:02:71;0.0;1321.0;1412.0;1754.0;0.0;0:1321:1412:1754
190;2025-11-14 10:10:34;0;DE:8B:2E:A0:75:67;b8:27:eb:45:02:71;0.0;1317.0;1412.0;1750.0;0.0;0:1317:1412:1750
191;2025-11-14 10:10:34;0;DE:8B:2E:A0:75:67;b8:27:eb:45:02:71;0.0;1313.0;1411.0;1749.0;0.0;0:1313:1411:1749
192;2025-11-14 10:10:35;0;DE:8B:2E:A0:75:67;b8:27:eb:45:02:71;0.0;1321.0;1413.0;1756.0;0.0;0:1321:1413:1756
193;2025-11-14 10:10:35;0;DE:8B:2E:A0:75:67;b8:27:eb:45:02:71;0.0;1318.0;1415.0;1747.0;0.0;0:1318:1415:1747
194;2025-11-14 10:10:36;0;DE:8B:2E:A0:75:67;b8:27:eb:45:02:71;0.0;1323.0;1413.0;1757.0;0.0;0:1323:1413:1757
195;2025-11-14 10:10:36;0;DE:8B:2E:A0:75:67;b8:27:eb:45:02:71;0.0;1313.0;1412.0;1744.0;0.0;0:1313:1412:1744
196;2025-11-14 10:10:37;0;DE:8B:2E:A0:75:67;b8:27:eb:45:02:71;0.0;1318.0;1413.0;1746.0;0.0;0:1318:1413:1746
197;2025-11-14 10:10:37;0;DE:8B:2E:A0:75:67;b8:27:eb:45:02:71;0.0;1319.0;1415.0;1754.0;0.0;0:1319:1415:1754
198;2025-11-14 10:10:38;0;DE:8B:2E:A0:75:67;b8:27:eb:45:02:71;0.0;1319.0;1413.0;1746.0;0.0;0:1319:1413:1746
199;2025-11-14 10:10:38;0;DE:8B:2E:A0:75:67;b8:27:eb:45:02:71;0.0;1320.0;1408.0;1750.0;0.0;0:1320:1408:1750
200;2025-11-14 10:10:39;0;DE:8B:2E:A0:75:67;b8:27:eb:45:02:71;0.0;1320.0;1405.0;1751.0;0.0;0:1320:1405:1751
201;2025-11-14 10:10:39;0;DE:8B:2E:A0:75:67;b8:27:eb:45:02:71;0.0;1318.0;1410.0;1753.0;0.0;0:1318:1410:1753
202;2025-11-14 10:10:40;0;DE:8B:2E:A0:75:67;b8:27:eb:45:02:71;0.0;1323.0;1416.0;1751.0;0.0;0:1323:1416:1751
203;2025-11-14 10:10:40;0;DE:8B:2E:A0:75:67;b8:27:eb:45:02:71;0.0;1316.0;1411.0;1754.0;0.0;0:1316:1411:1754
204;2025-11-14 10:10:41;0;DE:8B:2E:A0:75:67;b8:27:eb:45:02:71;0.0;1320.0;1405.0;1748.0;0.0;0:1320:1405:1748
205;2025-11-14 10:10:41;0;DE:8B:2E:A0:75:67;b8:27:eb:45:02:71;0.0;1313.0;1413.0;1750.0;0.0;0:1313:1413:1750
206;2025-11-14 10:10:42;0;DE:8B:2E:A0:75:67;b8:27:eb:45:02:71;0.0;1321.0;1412.0;1749.0;0.0;0:1321:1412:1749
207;2025-11-14 10:10:42;0;DE:8B:2E:A0:75:67;b8:27:eb:45:02:71;0.0;1314.0;1407.0;1742.0;0.0;0:1314:1407:1742
208;2025-11-14 10:10:43;0;DE:8B:2E:A0:75:67;b8:27:eb:45:02:71;0.0;1318.0;1417.0;1749.0;0.0;0:1318:1417:1749
209;2025-11-14 10:10:43;0;DE:8B:2E:A0:75:67;b8:27:eb:45:02:71;0.0;1316.0;1417.0;1752.0;0.0;0:1316:1417:1752
210;2025-11-14 10:10:44;0;DE:8B:2E:A0:75:67;b8:27:eb:45:02:71;0.0;1320.0;1415.0;1749.0;0.0;0:1320:1415:1749
211;2025-11-14 10:10:44;0;DE:8B:2E:A0:75:67;b8:27:eb:45:02:71;0.0;1321.0;1410.0;1750.0;0.0;0:1321:1410:1750
212;2025-11-14 10:10:45;0;DE:8B:2E:A0:75:67;b8:27:eb:45:02:71;0.0;1317.0;1410.0;1747.0;0.0;0:1317:1410:1747
213;2025-11-14 10:10:45;0;DE:8B:2E:A0:75:67;b8:27:eb:45:02:71;0.0;1313.0;1410.0;1749.0;0.0;0:1313:1410:1749
214;2025-11-14 10:10:46;0;DE:8B:2E:A0:75:67;b8:27:eb:45:02:71;0.0;1317.0;1414.0;1745.0;0.0;0:1317:1414:1745
215;2025-11-14 10:10:46;0;DE:8B:2E:A0:75:67;b8:27:eb:45:02:71;0.0;1321.0;1405.0;1750.0;0.0;0:1321:1405:1750
216;2025-11-14 10:10:47;0;DE:8B:2E:A0:75:67;b8:27:eb:45:02:71;0.0;1315.0;1412.0;1747.0;0.0;0:1315:1412:1747
217;2025-11-14 10:10:47;0;DE:8B:2E:A0:75:67;b8:27:eb:45:02:71;0.0;1322.0;1415.0;1748.0;0.0;0:1322:1415:1748
218;2025-11-14 10:10:48;0;DE:8B:2E:A0:75:67;b8:27:eb:45:02:71;0.0;1319.0;1414.0;1750.0;0.0;0:1319:1414:1750
219;2025-11-14 10:10:48;0;DE:8B:2E:A0:75:67;b8:27:eb:45:02:71;0.0;1320.0;1414.0;1742.0;0.0;0:1320:1414:1742
220;2025-11-14 10:10:49;0;DE:8B:2E:A0:75:67;b8:27:eb:45:02:71;0.0;1317.0;1415.0;1752.0;0.0;0:1317:1415:1752
221;2025-11-14 10:10:49;0;DE:8B:2E:A0:75:67;b8:27:eb:45:02:71;0.0;1321.0;1413.0;1752.0;0.0;0:1321:1413:1752
222;2025-11-14 10:10:50;0;DE:8B:2E:A0:75:67;b8:27:eb:45:02:71;0.0;1321.0;1416.0;1746.0;0.0;0:1321:1416:1746
223;2025-11-14 10:10:50;0;DE:8B:2E:A0:75:67;b8:27:eb:45:02:71;0.0;1316.0;1409.0;1749.0;0.0;0:1316:1409:1749
224;2025-11-14 10:10:51;0;DE:8B:2E:A0:75:67;b8:27:eb:45:02:71;0.0;1318.0;1415.0;1748.0;0.0;0:1318:1415:1748
225;2025-11-14 10:10:51;0;DE:8B:2E:A0:75:67;b8:27:eb:45:02:71;0.0;1313.0;1412.0;1752.0;0.0;0:1313:1412:1752
226;2025-11-14 10:11:29;0;DE:8B:2E:A0:75:67;b8:27:eb:45:02:71;0.0;1321.0;1406.0;1743.0;0.0;0:1321:1406:1743
227;2025-11-14 10:11:30;0;DE:8B:2E:A0:75:67;b8:27:eb:45:02:71;1.0;1316.0;1407.0;1745.0;0.0;1:1316:1407:1745
228;2025-11-14 10:11:30;0;DE:8B:2E:A0:75:67;b8:27:eb:45:02:71;1.0;1318.0;1405.0;1743.0;0.0;1:1318:1405:1743
229;2025-11-14 10:11:31;0;DE:8B:2E:A0:75:67;b8:27:eb:45:02:71;2.0;1289.0;1436.0;1749.0;0.0;2:1289:1436:1749
230;2025-11-14 10:11:31;0;DE:8B:2E:A0:75:67;b8:27:eb:45:02:71;2.0;1321.0;1409.0;1748.0;0.0;2:1321:1409:1748
231;2025-11-14 10:11:32;0;DE:8B:2E:A0:75:67;b8:27:eb:45:02:71;2.0;1351.0;1413.0;1734.0;0.0;2:1351:1413:1734
232;2025-11-14 10:11:32;0;DE:8B:2E:A0:75:67;b8:27:eb:45:02:71;3.0;1306.0;1393.0;1736.0;0.0;3:1306:1393:1736
233;2025-11-14 10:11:33;0;DE:8B:2E:A0:75:67;b8:27:eb:45:02:71;4.0;1320.0;1410.0;1748.0;0.0;4:1320:1410:1748
234;2025-11-14 10:11:33;0;DE:8B:2E:A0:75:67;b8:27:eb:45:02:71;4.0;1306.0;1421.0;1745.0;0.0;4:1306:1421:1745
235;2025-11-14 10:11:34;0;DE:8B:2E:A0:75:67;b8:27:eb:45:02:71;4.0;1300.0;1423.0;1738.0;0.0;4:1300:1423:1738
236;2025-11-14 10:11:34;0;DE:8B:2E:A0:75:67;b8:27:eb:45:02:71;5.0;1321.0;1411.0;1740.0;0.0;5:1321:1411:1740
237;2025-11-14 10:11:35;0;DE:8B:2E:A0:75:67;b8:27:eb:45:02:71;5.0;1306.0;1421.0;1742.0;0.0;5:1306:1421:1742
238;2025-11-14 10:11:35;0;DE:8B:2E:A0:75:67;b8:27:eb:45:02:71;5.0;1306.0;1408.0;1739.0;0.0;5:1306:1408:1739
239;2025-11-14 10:11:36;0;DE:8B:2E:A0:75:67;b8:27:eb:45:02:71;5.0;1306.0;1414.0;1743.0;0.0;5:1306:1414:1743
240;2025-11-14 10:11:36;0;DE:8B:2E:A0:75:67;b8:27:eb:45:02:71;5.0;1321.0;1395.0;1744.0;0.0;5:1321:1395:1744
241;2025-11-14 10:11:37;0;DE:8B:2E:A0:75:67;b8:27:eb:45:02:71;5.0;1299.0;1406.0;1737.0;0.0;5:1299:1406:1737
242;2025-11-14 10:11:37;0;DE:8B:2E:A0:75:67;b8:27:eb:45:02:71;5.0;1314.0;1409.0;1739.0;0.0;5:1314:1409:1739
243;2025-11-14 10:11:38;0;DE:8B:2E:A0:75:67;b8:27:eb:45:02:71;5.0;1306.0;1409.0;1745.0;0.0;5:1306:1409:1745
244;2025-11-14 10:11:38;0;DE:8B:2E:A0:75:67;b8:27:eb:45:02:71;5.0;1321.0;1409.0;1746.0;0.0;5:1321:1409:1746
245;2025-11-14 10:11:39;0;DE:8B:2E:A0:75:67;b8:27:eb:45:02:71;5.0;1316.0;1405.0;1745.0;0.0;5:1316:1405:1745
246;2025-11-14 10:11:39;0;DE:8B:2E:A0:75:67;b8:27:eb:45:02:71;5.0;1317.0;1407.0;1744.0;0.0;5:1317:1407:1744
247;2025-11-14 10:11:40;0;DE:8B:2E:A0:75:67;b8:27:eb:45:02:71;5.0;1306.0;1409.0;1743.0;0.0;5:1306:1409:1743
248;2025-11-14 10:11:40;0;DE:8B:2E:A0:75:67;b8:27:eb:45:02:71;5.0;1308.0;1416.0;1742.0;0.0;5:1308:1416:1742
249;2025-11-14 10:11:41;0;DE:8B:2E:A0:75:67;b8:27:eb:45:02:71;5.0;1316.0;1419.0;1751.0;0.0;5:1316:1419:1751
250;2025-11-14 10:11:41;0;DE:8B:2E:A0:75:67;b8:27:eb:45:02:71;0.0;1305.0;1415.0;1757.0;0.0;0:1305:1415:1757
251;2025-11-14 10:11:42;0;DE:8B:2E:A0:75:67;b8:27:eb:45:02:71;1.0;1333.0;1448.0;1752.0;0.0;1:1333:1448:1752
252;2025-11-14 10:11:42;0;DE:8B:2E:A0:75:67;b8:27:eb:45:02:71;1.0;1314.0;1459.0;1771.0;0.0;1:1314:1459:1771
253;2025-11-14 10:11:43;0;DE:8B:2E:A0:75:67;b8:27:eb:45:02:71;2.0;1324.0;1434.0;1744.0;0.0;2:1324:1434:1744
254;2025-11-14 10:11:44;0;DE:8B:2E:A0:75:67;b8:27:eb:45:02:71;2.0;1238.0;1475.0;1747.0;0.0;2:1238:1475:1747
255;2025-11-14 10:11:44;0;DE:8B:2E:A0:75:67;b8:27:eb:45:02:71;2.0;1300.0;1415.0;1751.0;0.0;2:1300:1415:1751
256;2025-11-14 10:11:44;0;DE:8B:2E:A0:75:67;b8:27:eb:45:02:71;2.0;1316.0;1414.0;1750.0;0.0;2:1316:1414:1750
257;2025-11-14 10:11:45;0;DE:8B:2E:A0:75:67;b8:27:eb:45:02:71;2.0;1310.0;1410.0;1746.0;0.0;2:1310:1410:1746
258;2025-11-14 10:11:46;0;DE:8B:2E:A0:75:67;b8:27:eb:45:02:71;2.0;1315.0;1414.0;1745.0;0.0;2:1315:1414:1745
259;2025-11-14 10:11:46;0;DE:8B:2E:A0:75:67;b8:27:eb:45:02:71;2.0;1313.0;1410.0;1744.0;0.0;2:1313:1410:1744
260;2025-11-14 10:11:46;0;DE:8B:2E:A0:75:67;b8:27:eb:45:02:71;2.0;1314.0;1404.0;1752.0;0.0;2:1314:1404:1752
261;2025-11-14 10:11:47;0;DE:8B:2E:A0:75:67;b8:27:eb:45:02:71;2.0;1306.0;1405.0;1757.0;0.0;2:1306:1405:1757
262;2025-11-14 10:11:48;0;DE:8B:2E:A0:75:67;b8:27:eb:45:02:71;2.0;1317.0;1403.0;1748.0;0.0;2:1317:1403:1748
263;2025-11-14 10:11:48;0;DE:8B:2E:A0:75:67;b8:27:eb:45:02:71;2.0;1316.0;1403.0;1749.0;0.0;2:1316:1403:1749
264;2025-11-14 10:11:48;0;DE:8B:2E:A0:75:67;b8:27:eb:45:02:71;2.0;1313.0;1404.0;1743.0;0.0;2:1313:1404:1743
265;2025-11-14 10:11:49;0;DE:8B:2E:A0:75:67;b8:27:eb:45:02:71;2.0;1315.0;1404.0;1757.0;0.0;2:1315:1404:1757
266;2025-11-14 10:11:50;0;DE:8B:2E:A0:75:67;b8:27:eb:45:02:71;2.0;1314.0;1407.0;1749.0;0.0;2:1314:1407:1749
267;2025-11-14 10:11:50;0;DE:8B:2E:A0:75:67;b8:27:eb:45:02:71;2.0;1316.0;1405.0;1747.0;0.0;2:1316:1405:1747
268;2025-11-14 10:11:50;0;DE:8B:2E:A0:75:67;b8:27:eb:45:02:71;2.0;1324.0;1413.0;1752.0;0.0;2:1324:1413:1752
269;2025-11-14 10:11:51;0;DE:8B:2E:A0:75:67;b8:27:eb:45:02:71;2.0;1313.0;1407.0;1746.0;0.0;2:1313:1407:1746
270;2025-11-14 10:11:52;0;DE:8B:2E:A0:75:67;b8:27:eb:45:02:71;2.0;1317.0;1405.0;1749.0;0.0;2:1317:1405:1749
271;2025-11-14 10:11:52;0;DE:8B:2E:A0:75:67;b8:27:eb:45:02:71;2.0;1318.0;1406.0;1743.0;0.0;2:1318:1406:1743
272;2025-11-14 10:11:52;0;DE:8B:2E:A0:75:67;b8:27:eb:45:02:71;2.0;1314.0;1409.0;1747.0;0.0;2:1314:1409:1747
273;2025-11-14 10:11:53;0;DE:8B:2E:A0:75:67;b8:27:eb:45:02:71;2.0;1321.0;1406.0;1744.0;0.0;2:1321:1406:1744
274;2025-11-14 10:11:54;0;DE:8B:2E:A0:75:67;b8:27:eb:45:02:71;2.0;1321.0;1408.0;1746.0;0.0;2:1321:1408:1746
275;2025-11-14 10:11:54;0;DE:8B:2E:A0:75:67;b8:27:eb:45:02:71;2.0;1316.0;1409.0;1749.0;0.0;2:1316:1409:1749
276;2025-11-14 10:11:54;0;DE:8B:2E:A0:75:67;b8:27:eb:45:02:71;2.0;1314.0;1403.0;1750.0;0.0;2:1314:1403:1750
277;2025-11-14 10:11:55;0;DE:8B:2E:A0:75:67;b8:27:eb:45:02:71;2.0;1318.0;1408.0;1740.0;0.0;2:1318:1408:1740
278;2025-11-14 10:11:56;0;DE:8B:2E:A0:75:67;b8:27:eb:45:02:71;2.0;1318.0;1408.0;1749.0;0.0;2:1318:1408:1749
279;2025-11-14 10:11:56;0;DE:8B:2E:A0:75:67;b8:27:eb:45:02:71;2.0;1316.0;1406.0;1747.0;0.0;2:1316:1406:1747
280;2025-11-14 10:11:57;0;DE:8B:2E:A0:75:67;b8:27:eb:45:02:71;2.0;1309.0;1407.0;1742.0;0.0;2:1309:1407:1742
281;2025-11-14 10:11:57;0;DE:8B:2E:A0:75:67;b8:27:eb:45:02:71;2.0;1313.0;1405.0;1746.0;0.0;2:1313:1405:1746
282;2025-11-14 10:11:58;0;DE:8B:2E:A0:75:67;b8:27:eb:45:02:71;2.0;1316.0;1408.0;1749.0;0.0;2:1316:1408:1749
283;2025-11-14 10:11:58;0;DE:8B:2E:A0:75:67;b8:27:eb:45:02:71;2.0;1318.0;1414.0;1748.0;0.0;2:1318:1414:1748
284;2025-11-14 10:11:59;0;DE:8B:2E:A0:75:67;b8:27:eb:45:02:71;2.0;1315.0;1408.0;1741.0;0.0;2:1315:1408:1741
285;2025-11-14 10:11:59;0;DE:8B:2E:A0:75:67;b8:27:eb:45:02:71;2.0;1315.0;1406.0;1750.0;0.0;2:1315:1406:1750
286;2025-12-05 09:46:43;0;C6:F9:7D:D0:EA:64;b8:27:eb:45:02:71;0.0;1730.0;1570.0;1319.0;0.0;0:1730:1570:1319
287;2025-12-05 09:46:44;0;C6:F9:7D:D0:EA:64;b8:27:eb:45:02:71;0.0;1734.0;1559.0;1320.0;0.0;0:1734:1559:1320
288;2025-12-05 09:46:44;0;C6:F9:7D:D0:EA:64;b8:27:eb:45:02:71;0.0;1736.0;1557.0;1318.0;0.0;0:1736:1557:1318
289;2025-12-05 09:46:45;0;C6:F9:7D:D0:EA:64;b8:27:eb:45:02:71;0.0;1734.0;1567.0;1319.0;0.0;0:1734:1567:1319
290;2025-12-05 09:46:45;0;C6:F9:7D:D0:EA:64;b8:27:eb:45:02:71;0.0;1729.0;1564.0;1320.0;0.0;0:1729:1564:1320
291;2025-12-05 09:46:46;0;C6:F9:7D:D0:EA:64;b8:27:eb:45:02:71;0.0;1733.0;1557.0;1322.0;0.0;0:1733:1557:1322
292;2025-12-05 09:46:46;0;C6:F9:7D:D0:EA:64;b8:27:eb:45:02:71;0.0;1731.0;1564.0;1322.0;0.0;0:1731:1564:1322
293;2025-12-05 09:46:47;0;C6:F9:7D:D0:EA:64;b8:27:eb:45:02:71;0.0;1728.0;1559.0;1319.0;0.0;0:1728:1559:1319
294;2025-12-05 09:46:47;0;C6:F9:7D:D0:EA:64;b8:27:eb:45:02:71;0.0;1739.0;1600.0;1320.0;0.0;0:1739:1600:1320
295;2025-12-05 09:46:48;0;C6:F9:7D:D0:EA:64;b8:27:eb:45:02:71;0.0;1771.0;1695.0;1392.0;0.0;0:1771:1695:1392
296;2025-12-05 09:46:48;0;C6:F9:7D:D0:EA:64;b8:27:eb:45:02:71;0.0;1481.0;1583.0;1780.0;0.0;0:1481:1583:1780
297;2025-12-05 09:46:49;0;C6:F9:7D:D0:EA:64;b8:27:eb:45:02:71;0.0;1433.0;1466.0;1773.0;0.0;0:1433:1466:1773
298;2025-12-05 09:46:49;0;C6:F9:7D:D0:EA:64;b8:27:eb:45:02:71;0.0;1412.0;1465.0;1799.0;0.0;0:1412:1465:1799
299;2025-12-05 09:46:50;0;C6:F9:7D:D0:EA:64;b8:27:eb:45:02:71;0.0;1464.0;1436.0;1803.0;0.0;0:1464:1436:1803
300;2025-12-05 09:46:50;0;C6:F9:7D:D0:EA:64;b8:27:eb:45:02:71;0.0;1437.0;1517.0;1817.0;0.0;0:1437:1517:1817
301;2025-12-05 09:46:51;0;C6:F9:7D:D0:EA:64;b8:27:eb:45:02:71;0.0;1449.0;1434.0;1785.0;0.0;0:1449:1434:1785
302;2025-12-05 09:46:51;0;C6:F9:7D:D0:EA:64;b8:27:eb:45:02:71;0.0;1439.0;1422.0;1785.0;0.0;0:1439:1422:1785
303;2025-12-05 09:46:52;0;C6:F9:7D:D0:EA:64;b8:27:eb:45:02:71;0.0;1525.0;1407.0;1794.0;0.0;0:1525:1407:1794
304;2025-12-05 09:46:52;0;C6:F9:7D:D0:EA:64;b8:27:eb:45:02:71;0.0;1523.0;1458.0;1800.0;0.0;0:1523:1458:1800
305;2025-12-05 09:46:53;0;C6:F9:7D:D0:EA:64;b8:27:eb:45:02:71;0.0;1546.0;1401.0;1782.0;0.0;0:1546:1401:1782
306;2025-12-05 09:46:53;0;C6:F9:7D:D0:EA:64;b8:27:eb:45:02:71;0.0;1553.0;1391.0;1774.0;0.0;0:1553:1391:1774
307;2025-12-05 09:46:54;0;C6:F9:7D:D0:EA:64;b8:27:eb:45:02:71;0.0;1540.0;1368.0;1727.0;0.0;0:1540:1368:1727
308;2025-12-05 09:46:54;0;C6:F9:7D:D0:EA:64;b8:27:eb:45:02:71;0.0;1548.0;1407.0;1796.0;0.0;0:1548:1407:1796
309;2025-12-05 09:46:55;0;C6:F9:7D:D0:EA:64;b8:27:eb:45:02:71;0.0;1539.0;1415.0;1777.0;0.0;0:1539:1415:1777
310;2025-12-05 09:46:55;0;C6:F9:7D:D0:EA:64;b8:27:eb:45:02:71;0.0;1527.0;1433.0;1789.0;0.0;0:1527:1433:1789
311;2025-12-05 09:46:56;0;C6:F9:7D:D0:EA:64;b8:27:eb:45:02:71;0.0;1531.0;1426.0;1800.0;0.0;0:1531:1426:1800
312;2025-12-05 09:46:56;0;C6:F9:7D:D0:EA:64;b8:27:eb:45:02:71;0.0;1533.0;1437.0;1796.0;0.0;0:1533:1437:1796
313;2025-12-05 09:46:57;0;C6:F9:7D:D0:EA:64;b8:27:eb:45:02:71;0.0;1533.0;1433.0;1793.0;0.0;0:1533:1433:1793
314;2025-12-05 09:46:57;0;C6:F9:7D:D0:EA:64;b8:27:eb:45:02:71;0.0;1536.0;1442.0;1799.0;0.0;0:1536:1442:1799
315;2025-12-05 09:46:58;0;C6:F9:7D:D0:EA:64;b8:27:eb:45:02:71;0.0;1532.0;1440.0;1792.0;0.0;0:1532:1440:1792
316;2025-12-05 09:46:58;0;C6:F9:7D:D0:EA:64;b8:27:eb:45:02:71;0.0;1525.0;1446.0;1792.0;0.0;0:1525:1446:1792
317;2025-12-05 09:46:59;0;C6:F9:7D:D0:EA:64;b8:27:eb:45:02:71;0.0;1526.0;1448.0;1792.0;0.0;0:1526:1448:1792
318;2025-12-05 09:46:59;0;C6:F9:7D:D0:EA:64;b8:27:eb:45:02:71;0.0;1507.0;1450.0;1795.0;0.0;0:1507:1450:1795
319;2025-12-05 09:47:00;0;C6:F9:7D:D0:EA:64;b8:27:eb:45:02:71;0.0;1507.0;1445.0;1797.0;0.0;0:1507:1445:1797
320;2025-12-05 09:47:00;0;C6:F9:7D:D0:EA:64;b8:27:eb:45:02:71;0.0;1497.0;1453.0;1800.0;0.0;0:1497:1453:1800
321;2025-12-05 09:47:01;0;C6:F9:7D:D0:EA:64;b8:27:eb:45:02:71;0.0;1499.0;1454.0;1800.0;0.0;0:1499:1454:1800
322;2025-12-05 09:47:01;0;C6:F9:7D:D0:EA:64;b8:27:eb:45:02:71;0.0;1495.0;1458.0;1805.0;0.0;0:1495:1458:1805
323;2025-12-05 09:47:02;0;C6:F9:7D:D0:EA:64;b8:27:eb:45:02:71;0.0;1497.0;1451.0;1798.0;0.0;0:1497:1451:1798
324;2025-12-05 09:47:02;0;C6:F9:7D:D0:EA:64;b8:27:eb:45:02:71;0.0;1502.0;1454.0;1804.0;0.0;0:1502:1454:1804
325;2025-12-05 09:47:03;0;C6:F9:7D:D0:EA:64;b8:27:eb:45:02:71;0.0;1496.0;1464.0;1800.0;0.0;0:1496:1464:1800
326;2025-12-05 09:47:03;0;C6:F9:7D:D0:EA:64;b8:27:eb:45:02:71;0.0;1511.0;1448.0;1800.0;0.0;0:1511:1448:1800
327;2025-12-05 09:47:04;0;C6:F9:7D:D0:EA:64;b8:27:eb:45:02:71;0.0;1503.0;1454.0;1799.0;0.0;0:1503:1454:1799
328;2025-12-05 09:47:04;0;C6:F9:7D:D0:EA:64;b8:27:eb:45:02:71;0.0;1487.0;1495.0;1788.0;0.0;0:1487:1495:1788
329;2025-12-05 09:47:05;0;C6:F9:7D:D0:EA:64;b8:27:eb:45:02:71;0.0;1502.0;1470.0;1795.0;0.0;0:1502:1470:1795
330;2025-12-05 09:47:05;0;C6:F9:7D:D0:EA:64;b8:27:eb:45:02:71;1.0;1496.0;1477.0;1789.0;0.0;1:1496:1477:1789
331;2025-12-05 09:47:06;0;C6:F9:7D:D0:EA:64;b8:27:eb:45:02:71;1.0;1492.0;1476.0;1789.0;0.0;1:1492:1476:1789
332;2025-12-05 09:47:06;0;C6:F9:7D:D0:EA:64;b8:27:eb:45:02:71;1.0;1480.0;1502.0;1798.0;0.0;1:1480:1502:1798
333;2025-12-05 09:47:07;0;C6:F9:7D:D0:EA:64;b8:27:eb:45:02:71;1.0;1496.0;1482.0;1800.0;0.0;1:1496:1482:1800
334;2025-12-05 09:47:07;0;C6:F9:7D:D0:EA:64;b8:27:eb:45:02:71;1.0;1473.0;1780.0;1476.0;0.0;1:1473:1780:1476
335;2025-12-05 09:47:08;0;C6:F9:7D:D0:EA:64;b8:27:eb:45:02:71;1.0;1606.0;1666.0;1278.0;0.0;1:1606:1666:1278
336;2025-12-05 09:47:08;0;C6:F9:7D:D0:EA:64;b8:27:eb:45:02:71;1.0;1605.0;1468.0;1161.0;0.0;1:1605:1468:1161
337;2025-12-05 09:47:09;0;C6:F9:7D:D0:EA:64;b8:27:eb:45:02:71;1.0;1465.0;1433.0;1181.0;0.0;1:1465:1433:1181
338;2025-12-05 09:47:09;0;C6:F9:7D:D0:EA:64;b8:27:eb:45:02:71;1.0;1474.0;1392.0;1177.0;0.0;1:1474:1392:1177
339;2025-12-05 09:47:10;0;C6:F9:7D:D0:EA:64;b8:27:eb:45:02:71;1.0;1489.0;1414.0;1201.0;0.0;1:1489:1414:1201
340;2025-12-05 09:47:10;0;C6:F9:7D:D0:EA:64;b8:27:eb:45:02:71;1.0;1482.0;1423.0;1201.0;0.0;1:1482:1423:1201
341;2025-12-05 09:47:11;0;C6:F9:7D:D0:EA:64;b8:27:eb:45:02:71;1.0;1480.0;1429.0;1194.0;0.0;1:1480:1429:1194
342;2025-12-05 09:47:11;0;C6:F9:7D:D0:EA:64;b8:27:eb:45:02:71;1.0;1480.0;1432.0;1194.0;0.0;1:1480:1432:1194
343;2025-12-05 09:47:12;0;C6:F9:7D:D0:EA:64;b8:27:eb:45:02:71;1.0;1479.0;1429.0;1201.0;0.0;1:1479:1429:1201
344;2025-12-05 09:47:12;0;C6:F9:7D:D0:EA:64;b8:27:eb:45:02:71;1.0;1490.0;1418.0;1191.0;0.0;1:1490:1418:1191
345;2025-12-05 09:47:13;0;C6:F9:7D:D0:EA:64;b8:27:eb:45:02:71;1.0;1484.0;1427.0;1202.0;0.0;1:1484:1427:1202
346;2025-12-05 09:54:22;0;C6:F9:7D:D0:EA:64;b8:27:eb:45:02:71;2.0;1440.0;1801.0;1450.0;0.0;2:1440:1801:1450
347;2025-12-05 09:54:23;0;C6:F9:7D:D0:EA:64;b8:27:eb:45:02:71;2.0;1439.0;1792.0;1446.0;0.0;2:1439:1792:1446
348;2025-12-05 09:54:23;0;C6:F9:7D:D0:EA:64;b8:27:eb:45:02:71;2.0;1444.0;1807.0;1479.0;0.0;2:1444:1807:1479
349;2025-12-05 09:54:24;0;C6:F9:7D:D0:EA:64;b8:27:eb:45:02:71;2.0;1432.0;1797.0;1469.0;0.0;2:1432:1797:1469
350;2025-12-05 09:54:24;0;C6:F9:7D:D0:EA:64;b8:27:eb:45:02:71;2.0;1437.0;1797.0;1472.0;0.0;2:1437:1797:1472
351;2025-12-05 09:54:25;0;C6:F9:7D:D0:EA:64;b8:27:eb:45:02:71;2.0;1436.0;1786.0;1473.0;0.0;2:1436:1786:1473
352;2025-12-05 09:54:25;0;C6:F9:7D:D0:EA:64;b8:27:eb:45:02:71;2.0;1432.0;1793.0;1479.0;0.0;2:1432:1793:1479
353;2025-12-05 09:54:26;0;C6:F9:7D:D0:EA:64;b8:27:eb:45:02:71;2.0;1430.0;1792.0;1468.0;0.0;2:1430:1792:1468
354;2025-12-05 09:54:26;0;C6:F9:7D:D0:EA:64;b8:27:eb:45:02:71;2.0;1429.0;1792.0;1480.0;0.0;2:1429:1792:1480
355;2025-12-05 09:54:27;0;C6:F9:7D:D0:EA:64;b8:27:eb:45:02:71;2.0;1435.0;1802.0;1477.0;0.0;2:1435:1802:1477
356;2025-12-05 09:54:27;0;C6:F9:7D:D0:EA:64;b8:27:eb:45:02:71;2.0;1433.0;1797.0;1483.0;0.0;2:1433:1797:1483
357;2025-12-05 09:54:28;0;C6:F9:7D:D0:EA:64;b8:27:eb:45:02:71;3.0;1408.0;1816.0;1553.0;0.0;3:1408:1816:1553
358;2025-12-05 09:54:28;0;C6:F9:7D:D0:EA:64;b8:27:eb:45:02:71;3.0;1580.0;1264.0;1647.0;0.0;3:1580:1264:1647
359;2025-12-05 09:54:29;0;C6:F9:7D:D0:EA:64;b8:27:eb:45:02:71;3.0;1604.0;1178.0;1529.0;0.0;3:1604:1178:1529
360;2025-12-05 09:54:29;0;C6:F9:7D:D0:EA:64;b8:27:eb:45:02:71;3.0;1606.0;1206.0;1538.0;0.0;3:1606:1206:1538
361;2025-12-05 09:54:30;0;C6:F9:7D:D0:EA:64;b8:27:eb:45:02:71;3.0;1612.0;1238.0;1569.0;0.0;3:1612:1238:1569
362;2025-12-05 09:54:30;0;C6:F9:7D:D0:EA:64;b8:27:eb:45:02:71;3.0;1616.0;1198.0;1528.0;0.0;3:1616:1198:1528
363;2025-12-05 09:54:31;0;C6:F9:7D:D0:EA:64;b8:27:eb:45:02:71;3.0;1608.0;1219.0;1532.0;0.0;3:1608:1219:1532
364;2025-12-05 09:54:31;0;C6:F9:7D:D0:EA:64;b8:27:eb:45:02:71;3.0;1582.0;1167.0;1541.0;0.0;3:1582:1167:1541
365;2025-12-05 09:54:32;0;C6:F9:7D:D0:EA:64;b8:27:eb:45:02:71;3.0;1487.0;1188.0;1509.0;0.0;3:1487:1188:1509
366;2025-12-05 09:54:32;0;C6:F9:7D:D0:EA:64;b8:27:eb:45:02:71;3.0;1516.0;1182.0;1509.0;0.0;3:1516:1182:1509
367;2025-12-05 09:54:33;0;C6:F9:7D:D0:EA:64;b8:27:eb:45:02:71;3.0;1524.0;1175.0;1510.0;0.0;3:1524:1175:1510
368;2025-12-05 09:54:33;0;C6:F9:7D:D0:EA:64;b8:27:eb:45:02:71;3.0;1525.0;1183.0;1504.0;0.0;3:1525:1183:1504
369;2025-12-05 09:54:34;0;C6:F9:7D:D0:EA:64;b8:27:eb:45:02:71;3.0;1531.0;1195.0;1502.0;0.0;3:1531:1195:1502
370;2025-12-05 09:54:34;0;C6:F9:7D:D0:EA:64;b8:27:eb:45:02:71;3.0;1535.0;1182.0;1504.0;0.0;3:1535:1182:1504
371;2025-12-05 09:54:35;0;C6:F9:7D:D0:EA:64;b8:27:eb:45:02:71;3.0;1546.0;1197.0;1496.0;0.0;3:1546:1197:1496
372;2025-12-05 09:54:35;0;C6:F9:7D:D0:EA:64;b8:27:eb:45:02:71;3.0;1546.0;1195.0;1506.0;0.0;3:1546:1195:1506
373;2025-12-05 09:54:36;0;C6:F9:7D:D0:EA:64;b8:27:eb:45:02:71;3.0;1553.0;1197.0;1491.0;0.0;3:1553:1197:1491
374;2025-12-05 09:54:36;0;C6:F9:7D:D0:EA:64;b8:27:eb:45:02:71;3.0;1567.0;1198.0;1489.0;0.0;3:1567:1198:1489
375;2025-12-05 09:54:37;0;C6:F9:7D:D0:EA:64;b8:27:eb:45:02:71;3.0;1628.0;1188.0;1524.0;0.0;3:1628:1188:1524
376;2025-12-05 09:54:37;0;C6:F9:7D:D0:EA:64;b8:27:eb:45:02:71;4.0;1644.0;1596.0;1720.0;0.0;4:1644:1596:1720
377;2025-12-05 09:54:38;0;C6:F9:7D:D0:EA:64;b8:27:eb:45:02:71;4.0;1464.0;1836.0;1441.0;0.0;4:1464:1836:1441
378;2025-12-05 09:54:38;0;C6:F9:7D:D0:EA:64;b8:27:eb:45:02:71;4.0;1415.0;1778.0;1453.0;0.0;4:1415:1778:1453
379;2025-12-05 09:54:39;0;C6:F9:7D:D0:EA:64;b8:27:eb:45:02:71;4.0;1445.0;1780.0;1489.0;0.0;4:1445:1780:1489
380;2025-12-05 09:54:39;0;C6:F9:7D:D0:EA:64;b8:27:eb:45:02:71;4.0;1439.0;1793.0;1488.0;0.0;4:1439:1793:1488
381;2025-12-05 09:54:40;0;C6:F9:7D:D0:EA:64;b8:27:eb:45:02:71;4.0;1437.0;1800.0;1485.0;0.0;4:1437:1800:1485
382;2025-12-05 09:54:40;0;C6:F9:7D:D0:EA:64;b8:27:eb:45:02:71;4.0;1444.0;1802.0;1483.0;0.0;4:1444:1802:1483
383;2025-12-05 09:54:41;0;C6:F9:7D:D0:EA:64;b8:27:eb:45:02:71;4.0;1441.0;1804.0;1480.0;0.0;4:1441:1804:1480
384;2025-12-05 09:54:41;0;C6:F9:7D:D0:EA:64;b8:27:eb:45:02:71;4.0;1428.0;1798.0;1480.0;0.0;4:1428:1798:1480
385;2025-12-05 09:54:42;0;C6:F9:7D:D0:EA:64;b8:27:eb:45:02:71;4.0;1444.0;1800.0;1482.0;0.0;4:1444:1800:1482
386;2025-12-05 09:54:42;0;C6:F9:7D:D0:EA:64;b8:27:eb:45:02:71;4.0;1437.0;1794.0;1468.0;0.0;4:1437:1794:1468
387;2025-12-05 09:54:43;0;C6:F9:7D:D0:EA:64;b8:27:eb:45:02:71;4.0;1487.0;1854.0;1489.0;0.0;4:1487:1854:1489
388;2025-12-05 09:54:43;0;C6:F9:7D:D0:EA:64;b8:27:eb:45:02:71;4.0;1420.0;1778.0;1462.0;0.0;4:1420:1778:1462
389;2025-12-05 09:54:44;0;C6:F9:7D:D0:EA:64;b8:27:eb:45:02:71;4.0;1431.0;1804.0;1454.0;0.0;4:1431:1804:1454
390;2025-12-05 09:54:44;0;C6:F9:7D:D0:EA:64;b8:27:eb:45:02:71;4.0;1466.0;1780.0;1490.0;0.0;4:1466:1780:1490
391;2025-12-05 09:54:45;0;C6:F9:7D:D0:EA:64;b8:27:eb:45:02:71;4.0;1501.0;1810.0;1502.0;0.0;4:1501:1810:1502
392;2025-12-05 09:54:45;0;C6:F9:7D:D0:EA:64;b8:27:eb:45:02:71;4.0;1528.0;1807.0;1503.0;0.0;4:1528:1807:1503
393;2025-12-05 09:54:46;0;C6:F9:7D:D0:EA:64;b8:27:eb:45:02:71;4.0;1519.0;1800.0;1508.0;0.0;4:1519:1800:1508
394;2025-12-05 09:54:46;0;C6:F9:7D:D0:EA:64;b8:27:eb:45:02:71;4.0;1528.0;1800.0;1515.0;0.0;4:1528:1800:1515
395;2025-12-05 09:54:47;0;C6:F9:7D:D0:EA:64;b8:27:eb:45:02:71;4.0;1524.0;1805.0;1528.0;0.0;4:1524:1805:1528
396;2025-12-05 09:54:47;0;C6:F9:7D:D0:EA:64;b8:27:eb:45:02:71;5.0;1532.0;1785.0;1701.0;0.0;5:1532:1785:1701
397;2025-12-05 09:54:48;0;C6:F9:7D:D0:EA:64;b8:27:eb:45:02:71;5.0;1540.0;1238.0;1570.0;0.0;5:1540:1238:1570
398;2025-12-05 09:54:48;0;C6:F9:7D:D0:EA:64;b8:27:eb:45:02:71;5.0;1483.0;1084.0;1467.0;0.0;5:1483:1084:1467
399;2025-12-05 09:54:49;0;C6:F9:7D:D0:EA:64;b8:27:eb:45:02:71;5.0;1494.0;1209.0;1432.0;0.0;5:1494:1209:1432
400;2025-12-05 09:54:49;0;C6:F9:7D:D0:EA:64;b8:27:eb:45:02:71;5.0;1501.0;1180.0;1439.0;0.0;5:1501:1180:1439
401;2025-12-05 09:54:50;0;C6:F9:7D:D0:EA:64;b8:27:eb:45:02:71;5.0;1494.0;1178.0;1454.0;0.0;5:1494:1178:1454
402;2025-12-05 09:54:50;0;C6:F9:7D:D0:EA:64;b8:27:eb:45:02:71;5.0;1453.0;1180.0;1482.0;0.0;5:1453:1180:1482
403;2025-12-05 09:54:51;0;C6:F9:7D:D0:EA:64;b8:27:eb:45:02:71;5.0;1445.0;1191.0;1490.0;0.0;5:1445:1191:1490
404;2025-12-05 09:54:51;0;C6:F9:7D:D0:EA:64;b8:27:eb:45:02:71;5.0;1443.0;1186.0;1492.0;0.0;5:1443:1186:1492
405;2025-12-05 09:54:52;0;C6:F9:7D:D0:EA:64;b8:27:eb:45:02:71;5.0;1444.0;1170.0;1492.0;0.0;5:1444:1170:1492
406;2025-12-05 09:54:52;0;C6:F9:7D:D0:EA:64;b8:27:eb:45:02:71;5.0;1440.0;1179.0;1492.0;0.0;5:1440:1179:1492
407;2025-12-05 09:54:53;0;C6:F9:7D:D0:EA:64;b8:27:eb:45:02:71;5.0;1444.0;1205.0;1495.0;0.0;5:1444:1205:1495
408;2025-12-05 09:54:53;0;C6:F9:7D:D0:EA:64;b8:27:eb:45:02:71;5.0;1440.0;1190.0;1473.0;0.0;5:1440:1190:1473
409;2025-12-05 09:54:54;0;C6:F9:7D:D0:EA:64;b8:27:eb:45:02:71;5.0;1448.0;1188.0;1497.0;0.0;5:1448:1188:1497
410;2025-12-05 09:54:54;0;C6:F9:7D:D0:EA:64;b8:27:eb:45:02:71;5.0;1437.0;1187.0;1489.0;0.0;5:1437:1187:1489
411;2025-12-05 09:54:55;0;C6:F9:7D:D0:EA:64;b8:27:eb:45:02:71;5.0;1437.0;1195.0;1495.0;0.0;5:1437:1195:1495
412;2025-12-05 09:54:55;0;C6:F9:7D:D0:EA:64;b8:27:eb:45:02:71;5.0;1424.0;1183.0;1495.0;0.0;5:1424:1183:1495
413;2025-12-05 09:54:56;0;C6:F9:7D:D0:EA:64;b8:27:eb:45:02:71;5.0;1426.0;1189.0;1487.0;0.0;5:1426:1189:1487
414;2025-12-05 09:54:56;0;C6:F9:7D:D0:EA:64;b8:27:eb:45:02:71;5.0;1429.0;1183.0;1494.0;0.0;5:1429:1183:1494
415;2025-12-05 09:54:57;0;C6:F9:7D:D0:EA:64;b8:27:eb:45:02:71;5.0;1432.0;1187.0;1496.0;0.0;5:1432:1187:1496
416;2025-12-05 09:54:57;0;C6:F9:7D:D0:EA:64;b8:27:eb:45:02:71;5.0;1432.0;1196.0;1498.0;0.0;5:1432:1196:1498
417;2025-12-05 09:54:58;0;C6:F9:7D:D0:EA:64;b8:27:eb:45:02:71;5.0;1426.0;1185.0;1493.0;0.0;5:1426:1185:1493
418;2025-12-05 09:54:58;0;C6:F9:7D:D0:EA:64;b8:27:eb:45:02:71;5.0;1419.0;1196.0;1490.0;0.0;5:1419:1196:1490
419;2025-12-05 09:54:59;0;C6:F9:7D:D0:EA:64;b8:27:eb:45:02:71;5.0;1434.0;1185.0;1490.0;0.0;5:1434:1185:1490
420;2025-12-05 09:54:59;0;C6:F9:7D:D0:EA:64;b8:27:eb:45:02:71;5.0;1434.0;1191.0;1488.0;0.0;5:1434:1191:1488
421;2025-12-05 09:55:00;0;C6:F9:7D:D0:EA:64;b8:27:eb:45:02:71;5.0;1423.0;1186.0;1481.0;0.0;5:1423:1186:1481
422;2025-12-05 09:55:00;0;C6:F9:7D:D0:EA:64;b8:27:eb:45:02:71;5.0;1423.0;1189.0;1488.0;0.0;5:1423:1189:1488
423;2025-12-05 09:55:01;0;C6:F9:7D:D0:EA:64;b8:27:eb:45:02:71;5.0;1418.0;1190.0;1486.0;0.0;5:1418:1190:1486
424;2025-12-05 09:55:01;0;C6:F9:7D:D0:EA:64;b8:27:eb:45:02:71;5.0;1428.0;1184.0;1487.0;0.0;5:1428:1184:1487
425;2025-12-05 09:55:02;0;C6:F9:7D:D0:EA:64;b8:27:eb:45:02:71;5.0;1424.0;1190.0;1487.0;0.0;5:1424:1190:1487
426;2025-12-05 09:55:02;0;C6:F9:7D:D0:EA:64;b8:27:eb:45:02:71;5.0;1455.0;1228.0;1505.0;0.0;5:1455:1228:1505
427;2025-12-05 09:55:03;0;C6:F9:7D:D0:EA:64;b8:27:eb:45:02:71;5.0;1414.0;1200.0;1496.0;0.0;5:1414:1200:1496
428;2025-12-05 09:55:03;0;C6:F9:7D:D0:EA:64;b8:27:eb:45:02:71;5.0;1405.0;1150.0;1482.0;0.0;5:1405:1150:1482
429;2025-12-05 09:55:04;0;C6:F9:7D:D0:EA:64;b8:27:eb:45:02:71;0.0;1476.0;1200.0;1616.0;0.0;0:1476:1200:1616
430;2025-12-05 09:55:04;0;C6:F9:7D:D0:EA:64;b8:27:eb:45:02:71;0.0;1444.0;1471.0;1771.0;0.0;0:1444:1471:1771
431;2025-12-05 09:55:05;0;C6:F9:7D:D0:EA:64;b8:27:eb:45:02:71;0.0;1532.0;1490.0;1807.0;0.0;0:1532:1490:1807
432;2025-12-05 09:55:05;0;C6:F9:7D:D0:EA:64;b8:27:eb:45:02:71;0.0;1542.0;1468.0;1821.0;0.0;0:1542:1468:1821
433;2025-12-05 09:55:06;0;C6:F9:7D:D0:EA:64;b8:27:eb:45:02:71;0.0;1524.0;1474.0;1796.0;0.0;0:1524:1474:1796
434;2025-12-05 09:55:06;0;C6:F9:7D:D0:EA:64;b8:27:eb:45:02:71;0.0;1524.0;1473.0;1798.0;0.0;0:1524:1473:1798
435;2025-12-05 09:55:07;0;C6:F9:7D:D0:EA:64;b8:27:eb:45:02:71;0.0;1507.0;1466.0;1793.0;0.0;0:1507:1466:1793
436;2025-12-05 09:55:07;0;C6:F9:7D:D0:EA:64;b8:27:eb:45:02:71;0.0;1495.0;1546.0;1799.0;0.0;0:1495:1546:1799
437;2025-12-05 09:55:08;0;C6:F9:7D:D0:EA:64;b8:27:eb:45:02:71;0.0;1486.0;1539.0;1800.0;0.0;0:1486:1539:1800
438;2025-12-05 09:55:08;0;C6:F9:7D:D0:EA:64;b8:27:eb:45:02:71;0.0;1485.0;1529.0;1795.0;0.0;0:1485:1529:1795
439;2025-12-05 09:55:09;0;C6:F9:7D:D0:EA:64;b8:27:eb:45:02:71;0.0;1485.0;1524.0;1800.0;0.0;0:1485:1524:1800
440;2025-12-05 09:55:09;0;C6:F9:7D:D0:EA:64;b8:27:eb:45:02:71;0.0;1487.0;1531.0;1797.0;0.0;0:1487:1531:1797
441;2025-12-05 09:55:10;0;C6:F9:7D:D0:EA:64;b8:27:eb:45:02:71;0.0;1490.0;1519.0;1792.0;0.0;0:1490:1519:1792
442;2025-12-05 09:55:10;0;C6:F9:7D:D0:EA:64;b8:27:eb:45:02:71;0.0;1502.0;1497.0;1800.0;0.0;0:1502:1497:1800
443;2025-12-05 09:55:11;0;C6:F9:7D:D0:EA:64;b8:27:eb:45:02:71;0.0;1557.0;1590.0;1592.0;0.0;0:1557:1590:1592
444;2025-12-05 09:55:11;0;C6:F9:7D:D0:EA:64;b8:27:eb:45:02:71;1.0;1485.0;1803.0;1369.0;0.0;1:1485:1803:1369
445;2025-12-05 09:55:12;0;C6:F9:7D:D0:EA:64;b8:27:eb:45:02:71;1.0;1560.0;1597.0;1203.0;0.0;1:1560:1597:1203
446;2025-12-05 09:55:12;0;C6:F9:7D:D0:EA:64;b8:27:eb:45:02:71;1.0;1516.0;1560.0;1198.0;0.0;1:1516:1560:1198
447;2025-12-05 09:55:13;0;C6:F9:7D:D0:EA:64;b8:27:eb:45:02:71;1.0;1528.0;1554.0;1204.0;0.0;1:1528:1554:1204
448;2025-12-05 09:55:13;0;C6:F9:7D:D0:EA:64;b8:27:eb:45:02:71;1.0;1519.0;1567.0;1200.0;0.0;1:1519:1567:1200
449;2025-12-05 09:55:14;0;C6:F9:7D:D0:EA:64;b8:27:eb:45:02:71;1.0;1510.0;1567.0;1182.0;0.0;1:1510:1567:1182
450;2025-12-05 09:55:14;0;C6:F9:7D:D0:EA:64;b8:27:eb:45:02:71;1.0;1507.0;1538.0;1193.0;0.0;1:1507:1538:1193
451;2025-12-05 09:55:15;0;C6:F9:7D:D0:EA:64;b8:27:eb:45:02:71;1.0;1491.0;1486.0;1190.0;0.0;1:1491:1486:1190
452;2025-12-05 09:55:15;0;C6:F9:7D:D0:EA:64;b8:27:eb:45:02:71;1.0;1498.0;1491.0;1187.0;0.0;1:1498:1491:1187
453;2025-12-05 09:55:16;0;C6:F9:7D:D0:EA:64;b8:27:eb:45:02:71;1.0;1498.0;1482.0;1188.0;0.0;1:1498:1482:1188
454;2025-12-05 09:55:16;0;C6:F9:7D:D0:EA:64;b8:27:eb:45:02:71;1.0;1499.0;1475.0;1183.0;0.0;1:1499:1475:1183
455;2025-12-05 09:55:17;0;C6:F9:7D:D0:EA:64;b8:27:eb:45:02:71;1.0;1493.0;1479.0;1188.0;0.0;1:1493:1479:1188
456;2025-12-05 09:55:17;0;C6:F9:7D:D0:EA:64;b8:27:eb:45:02:71;1.0;1498.0;1476.0;1187.0;0.0;1:1498:1476:1187
457;2025-12-05 09:55:18;0;C6:F9:7D:D0:EA:64;b8:27:eb:45:02:71;1.0;1496.0;1483.0;1191.0;0.0;1:1496:1483:1191
458;2025-12-05 09:55:18;0;C6:F9:7D:D0:EA:64;b8:27:eb:45:02:71;1.0;1495.0;1480.0;1186.0;0.0;1:1495:1480:1186
459;2025-12-05 09:55:19;0;C6:F9:7D:D0:EA:64;b8:27:eb:45:02:71;1.0;1495.0;1485.0;1184.0;0.0;1:1495:1485:1184
460;2025-12-05 09:55:19;0;C6:F9:7D:D0:EA:64;b8:27:eb:45:02:71;1.0;1496.0;1487.0;1190.0;0.0;1:1496:1487:1190
461;2025-12-05 09:55:20;0;C6:F9:7D:D0:EA:64;b8:27:eb:45:02:71;1.0;1497.0;1473.0;1183.0;0.0;1:1497:1473:1183
462;2025-12-05 09:55:20;0;C6:F9:7D:D0:EA:64;b8:27:eb:45:02:71;1.0;1493.0;1483.0;1190.0;0.0;1:1493:1483:1190
463;2025-12-05 09:55:21;0;C6:F9:7D:D0:EA:64;b8:27:eb:45:02:71;1.0;1501.0;1487.0;1191.0;0.0;1:1501:1487:1191
464;2025-12-05 09:55:21;0;C6:F9:7D:D0:EA:64;b8:27:eb:45:02:71;1.0;1496.0;1487.0;1209.0;0.0;1:1496:1487:1209
465;2025-12-05 09:55:22;0;C6:F9:7D:D0:EA:64;b8:27:eb:45:02:71;1.0;1490.0;1480.0;1187.0;0.0;1:1490:1480:1187
466;2025-12-05 09:55:22;0;C6:F9:7D:D0:EA:64;b8:27:eb:45:02:71;1.0;1501.0;1487.0;1187.0;0.0;1:1501:1487:1187
467;2025-12-05 09:55:23;0;C6:F9:7D:D0:EA:64;b8:27:eb:45:02:71;1.0;1606.0;1431.0;1148.0;0.0;1:1606:1431:1148
468;2025-12-05 09:55:23;0;C6:F9:7D:D0:EA:64;b8:27:eb:45:02:71;2.0;1785.0;1505.0;1410.0;0.0;2:1785:1505:1410
469;2025-12-05 09:55:24;0;C6:F9:7D:D0:EA:64;b8:27:eb:45:02:71;2.0;1736.0;1458.0;1400.0;0.0;2:1736:1458:1400
470;2025-12-05 09:55:24;0;C6:F9:7D:D0:EA:64;b8:27:eb:45:02:71;2.0;1778.0;1482.0;1400.0;0.0;2:1778:1482:1400
471;2025-12-05 09:55:25;0;C6:F9:7D:D0:EA:64;b8:27:eb:45:02:71;2.0;1786.0;1492.0;1399.0;0.0;2:1786:1492:1399
472;2025-12-05 09:55:25;0;C6:F9:7D:D0:EA:64;b8:27:eb:45:02:71;2.0;1778.0;1479.0;1389.0;0.0;2:1778:1479:1389
473;2025-12-05 09:55:26;0;C6:F9:7D:D0:EA:64;b8:27:eb:45:02:71;2.0;1779.0;1473.0;1381.0;0.0;2:1779:1473:1381
474;2025-12-05 09:55:26;0;C6:F9:7D:D0:EA:64;b8:27:eb:45:02:71;2.0;1790.0;1495.0;1408.0;0.0;2:1790:1495:1408
475;2025-12-05 09:55:27;0;C6:F9:7D:D0:EA:64;b8:27:eb:45:02:71;2.0;1784.0;1492.0;1412.0;0.0;2:1784:1492:1412
476;2025-12-05 09:55:27;0;C6:F9:7D:D0:EA:64;b8:27:eb:45:02:71;2.0;1784.0;1487.0;1408.0;0.0;2:1784:1487:1408
477;2025-12-05 09:55:28;0;C6:F9:7D:D0:EA:64;b8:27:eb:45:02:71;2.0;1782.0;1496.0;1414.0;0.0;2:1782:1496:1414
478;2025-12-05 09:55:28;0;C6:F9:7D:D0:EA:64;b8:27:eb:45:02:71;2.0;1784.0;1497.0;1414.0;0.0;2:1784:1497:1414
479;2025-12-05 09:55:29;0;C6:F9:7D:D0:EA:64;b8:27:eb:45:02:71;2.0;1784.0;1496.0;1415.0;0.0;2:1784:1496:1415
480;2025-12-05 09:55:29;0;C6:F9:7D:D0:EA:64;b8:27:eb:45:02:71;2.0;1785.0;1495.0;1414.0;0.0;2:1785:1495:1414
481;2025-12-05 09:55:30;0;C6:F9:7D:D0:EA:64;b8:27:eb:45:02:71;2.0;1779.0;1510.0;1415.0;0.0;2:1779:1510:1415
482;2025-12-05 09:55:30;0;C6:F9:7D:D0:EA:64;b8:27:eb:45:02:71;2.0;1779.0;1514.0;1420.0;0.0;2:1779:1514:1420
483;2025-12-05 09:55:31;0;C6:F9:7D:D0:EA:64;b8:27:eb:45:02:71;2.0;1760.0;1475.0;1409.0;0.0;2:1760:1475:1409
484;2025-12-05 09:55:31;0;C6:F9:7D:D0:EA:64;b8:27:eb:45:02:71;2.0;1800.0;1615.0;1406.0;0.0;2:1800:1615:1406
485;2025-12-05 09:55:32;0;C6:F9:7D:D0:EA:64;b8:27:eb:45:02:71;2.0;1838.0;1602.0;1409.0;0.0;2:1838:1602:1409
486;2025-12-05 09:55:32;0;C6:F9:7D:D0:EA:64;b8:27:eb:45:02:71;2.0;1780.0;1579.0;1475.0;0.0;2:1780:1579:1475
487;2025-12-05 09:55:33;0;C6:F9:7D:D0:EA:64;b8:27:eb:45:02:71;2.0;1792.0;1573.0;1495.0;0.0;2:1792:1573:1495
488;2025-12-05 09:55:33;0;C6:F9:7D:D0:EA:64;b8:27:eb:45:02:71;2.0;1756.0;1544.0;1486.0;0.0;2:1756:1544:1486
489;2025-12-05 09:55:34;0;C6:F9:7D:D0:EA:64;b8:27:eb:45:02:71;2.0;1767.0;1536.0;1493.0;0.0;2:1767:1536:1493
490;2025-12-05 09:55:34;0;C6:F9:7D:D0:EA:64;b8:27:eb:45:02:71;2.0;1790.0;1440.0;1478.0;0.0;2:1790:1440:1478
491;2025-12-05 09:55:35;0;C6:F9:7D:D0:EA:64;b8:27:eb:45:02:71;2.0;1800.0;1440.0;1503.0;0.0;2:1800:1440:1503
492;2025-12-05 09:55:35;0;C6:F9:7D:D0:EA:64;b8:27:eb:45:02:71;2.0;1788.0;1454.0;1511.0;0.0;2:1788:1454:1511
493;2025-12-05 09:55:36;0;C6:F9:7D:D0:EA:64;b8:27:eb:45:02:71;2.0;1807.0;1442.0;1520.0;0.0;2:1807:1442:1520
494;2025-12-05 09:55:36;0;C6:F9:7D:D0:EA:64;b8:27:eb:45:02:71;3.0;1377.0;1575.0;1680.0;0.0;3:1377:1575:1680
495;2025-12-05 09:55:37;0;C6:F9:7D:D0:EA:64;b8:27:eb:45:02:71;3.0;1227.0;1557.0;1400.0;0.0;3:1227:1557:1400
496;2025-12-05 09:55:37;0;C6:F9:7D:D0:EA:64;b8:27:eb:45:02:71;3.0;1189.0;1531.0;1473.0;0.0;3:1189:1531:1473
497;2025-12-05 09:55:38;0;C6:F9:7D:D0:EA:64;b8:27:eb:45:02:71;3.0;1175.0;1543.0;1479.0;0.0;3:1175:1543:1479
498;2025-12-05 09:55:38;0;C6:F9:7D:D0:EA:64;b8:27:eb:45:02:71;3.0;1193.0;1544.0;1487.0;0.0;3:1193:1544:1487
499;2025-12-05 09:55:39;0;C6:F9:7D:D0:EA:64;b8:27:eb:45:02:71;3.0;1184.0;1551.0;1490.0;0.0;3:1184:1551:1490
500;2025-12-05 09:55:39;0;C6:F9:7D:D0:EA:64;b8:27:eb:45:02:71;3.0;1184.0;1550.0;1488.0;0.0;3:1184:1550:1488
501;2025-12-05 09:55:40;0;C6:F9:7D:D0:EA:64;b8:27:eb:45:02:71;3.0;1189.0;1545.0;1504.0;0.0;3:1189:1545:1504
502;2025-12-05 09:55:40;0;C6:F9:7D:D0:EA:64;b8:27:eb:45:02:71;3.0;1176.0;1534.0;1490.0;0.0;3:1176:1534:1490
503;2025-12-05 09:55:41;0;C6:F9:7D:D0:EA:64;b8:27:eb:45:02:71;3.0;1188.0;1544.0;1497.0;0.0;3:1188:1544:1497
504;2025-12-05 09:55:41;0;C6:F9:7D:D0:EA:64;b8:27:eb:45:02:71;3.0;1187.0;1558.0;1480.0;0.0;3:1187:1558:1480
505;2025-12-05 09:55:42;0;C6:F9:7D:D0:EA:64;b8:27:eb:45:02:71;3.0;1193.0;1580.0;1470.0;0.0;3:1193:1580:1470
506;2025-12-05 09:55:42;0;C6:F9:7D:D0:EA:64;b8:27:eb:45:02:71;3.0;1197.0;1557.0;1492.0;0.0;3:1197:1557:1492
507;2025-12-05 09:55:43;0;C6:F9:7D:D0:EA:64;b8:27:eb:45:02:71;3.0;1196.0;1563.0;1495.0;0.0;3:1196:1563:1495
508;2025-12-05 09:55:43;0;C6:F9:7D:D0:EA:64;b8:27:eb:45:02:71;3.0;1195.0;1567.0;1483.0;0.0;3:1195:1567:1483
509;2025-12-05 09:55:44;0;C6:F9:7D:D0:EA:64;b8:27:eb:45:02:71;3.0;1191.0;1553.0;1484.0;0.0;3:1191:1553:1484
510;2025-12-05 09:55:44;0;C6:F9:7D:D0:EA:64;b8:27:eb:45:02:71;3.0;1191.0;1557.0;1488.0;0.0;3:1191:1557:1488
511;2025-12-05 09:55:45;0;C6:F9:7D:D0:EA:64;b8:27:eb:45:02:71;3.0;1187.0;1548.0;1495.0;0.0;3:1187:1548:1495
512;2025-12-05 09:55:45;0;C6:F9:7D:D0:EA:64;b8:27:eb:45:02:71;3.0;1189.0;1545.0;1504.0;0.0;3:1189:1545:1504
513;2025-12-05 09:55:46;0;C6:F9:7D:D0:EA:64;b8:27:eb:45:02:71;3.0;1175.0;1540.0;1493.0;0.0;3:1175:1540:1493
514;2025-12-05 09:55:46;0;C6:F9:7D:D0:EA:64;b8:27:eb:45:02:71;3.0;1176.0;1541.0;1493.0;0.0;3:1176:1541:1493
515;2025-12-05 09:55:47;0;C6:F9:7D:D0:EA:64;b8:27:eb:45:02:71;3.0;1181.0;1531.0;1501.0;0.0;3:1181:1531:1501
516;2025-12-05 09:55:47;0;C6:F9:7D:D0:EA:64;b8:27:eb:45:02:71;3.0;1193.0;1540.0;1489.0;0.0;3:1193:1540:1489
517;2025-12-05 09:55:48;0;C6:F9:7D:D0:EA:64;b8:27:eb:45:02:71;3.0;1189.0;1531.0;1497.0;0.0;3:1189:1531:1497
518;2025-12-05 09:55:48;0;C6:F9:7D:D0:EA:64;b8:27:eb:45:02:71;3.0;1175.0;1496.0;1510.0;0.0;3:1175:1496:1510
519;2025-12-05 09:55:49;0;C6:F9:7D:D0:EA:64;b8:27:eb:45:02:71;4.0;1556.0;1264.0;1527.0;0.0;4:1556:1264:1527
520;2025-12-05 09:55:49;0;C6:F9:7D:D0:EA:64;b8:27:eb:45:02:71;4.0;1468.0;1193.0;1530.0;0.0;4:1468:1193:1530
521;2025-12-05 09:55:50;0;C6:F9:7D:D0:EA:64;b8:27:eb:45:02:71;4.0;1456.0;1184.0;1526.0;0.0;4:1456:1184:1526
522;2025-12-05 09:55:50;0;C6:F9:7D:D0:EA:64;b8:27:eb:45:02:71;4.0;1475.0;1192.0;1516.0;0.0;4:1475:1192:1516
523;2025-12-05 09:55:51;0;C6:F9:7D:D0:EA:64;b8:27:eb:45:02:71;4.0;1465.0;1173.0;1516.0;0.0;4:1465:1173:1516
524;2025-12-05 09:55:51;0;C6:F9:7D:D0:EA:64;b8:27:eb:45:02:71;4.0;1481.0;1180.0;1511.0;0.0;4:1481:1180:1511
525;2025-12-05 09:55:52;0;C6:F9:7D:D0:EA:64;b8:27:eb:45:02:71;4.0;1475.0;1183.0;1511.0;0.0;4:1475:1183:1511
526;2025-12-05 09:55:52;0;C6:F9:7D:D0:EA:64;b8:27:eb:45:02:71;4.0;1482.0;1187.0;1538.0;0.0;4:1482:1187:1538
527;2025-12-05 09:55:53;0;C6:F9:7D:D0:EA:64;b8:27:eb:45:02:71;4.0;1487.0;1188.0;1513.0;0.0;4:1487:1188:1513
528;2025-12-05 09:55:53;0;C6:F9:7D:D0:EA:64;b8:27:eb:45:02:71;4.0;1490.0;1181.0;1522.0;0.0;4:1490:1181:1522
529;2025-12-05 09:55:54;0;C6:F9:7D:D0:EA:64;b8:27:eb:45:02:71;4.0;1491.0;1179.0;1517.0;0.0;4:1491:1179:1517
530;2025-12-05 09:55:54;0;C6:F9:7D:D0:EA:64;b8:27:eb:45:02:71;4.0;1497.0;1184.0;1509.0;0.0;4:1497:1184:1509
531;2025-12-05 09:55:55;0;C6:F9:7D:D0:EA:64;b8:27:eb:45:02:71;4.0;1491.0;1186.0;1525.0;0.0;4:1491:1186:1525
532;2025-12-05 09:55:55;0;C6:F9:7D:D0:EA:64;b8:27:eb:45:02:71;4.0;1504.0;1190.0;1524.0;0.0;4:1504:1190:1524
533;2025-12-05 09:55:56;0;C6:F9:7D:D0:EA:64;b8:27:eb:45:02:71;4.0;1496.0;1186.0;1522.0;0.0;4:1496:1186:1522
534;2025-12-05 09:55:56;0;C6:F9:7D:D0:EA:64;b8:27:eb:45:02:71;4.0;1493.0;1183.0;1523.0;0.0;4:1493:1183:1523
535;2025-12-05 09:55:57;0;C6:F9:7D:D0:EA:64;b8:27:eb:45:02:71;4.0;1489.0;1179.0;1526.0;0.0;4:1489:1179:1526
536;2025-12-05 09:55:57;0;C6:F9:7D:D0:EA:64;b8:27:eb:45:02:71;4.0;1495.0;1183.0;1526.0;0.0;4:1495:1183:1526
537;2025-12-05 09:55:58;0;C6:F9:7D:D0:EA:64;b8:27:eb:45:02:71;4.0;1496.0;1181.0;1517.0;0.0;4:1496:1181:1517
538;2025-12-05 09:55:58;0;C6:F9:7D:D0:EA:64;b8:27:eb:45:02:71;4.0;1495.0;1184.0;1524.0;0.0;4:1495:1184:1524
539;2025-12-05 09:55:59;0;C6:F9:7D:D0:EA:64;b8:27:eb:45:02:71;4.0;1498.0;1179.0;1523.0;0.0;4:1498:1179:1523
540;2025-12-05 09:55:59;0;C6:F9:7D:D0:EA:64;b8:27:eb:45:02:71;4.0;1496.0;1125.0;1563.0;0.0;4:1496:1125:1563
541;2025-12-05 09:56:00;0;C6:F9:7D:D0:EA:64;b8:27:eb:45:02:71;5.0;1853.0;1788.0;1777.0;0.0;5:1853:1788:1777
542;2025-12-05 09:56:00;0;C6:F9:7D:D0:EA:64;b8:27:eb:45:02:71;5.0;1540.0;1806.0;1479.0;0.0;5:1540:1806:1479
543;2025-12-05 09:56:01;0;C6:F9:7D:D0:EA:64;b8:27:eb:45:02:71;5.0;1531.0;1814.0;1506.0;0.0;5:1531:1814:1506
544;2025-12-05 09:56:01;0;C6:F9:7D:D0:EA:64;b8:27:eb:45:02:71;5.0;1524.0;1801.0;1506.0;0.0;5:1524:1801:1506
545;2025-12-05 09:56:02;0;C6:F9:7D:D0:EA:64;b8:27:eb:45:02:71;5.0;1534.0;1778.0;1487.0;0.0;5:1534:1778:1487
546;2025-12-05 09:56:02;0;C6:F9:7D:D0:EA:64;b8:27:eb:45:02:71;5.0;1538.0;1797.0;1493.0;0.0;5:1538:1797:1493
547;2025-12-05 09:56:03;0;C6:F9:7D:D0:EA:64;b8:27:eb:45:02:71;5.0;1538.0;1792.0;1497.0;0.0;5:1538:1792:1497
548;2025-12-05 09:56:03;0;C6:F9:7D:D0:EA:64;b8:27:eb:45:02:71;5.0;1531.0;1800.0;1499.0;0.0;5:1531:1800:1499
549;2025-12-05 09:56:04;0;C6:F9:7D:D0:EA:64;b8:27:eb:45:02:71;5.0;1528.0;1802.0;1479.0;0.0;5:1528:1802:1479
550;2025-12-05 09:56:04;0;C6:F9:7D:D0:EA:64;b8:27:eb:45:02:71;5.0;1531.0;1791.0;1490.0;0.0;5:1531:1791:1490
551;2025-12-05 09:56:05;0;C6:F9:7D:D0:EA:64;b8:27:eb:45:02:71;5.0;1532.0;1800.0;1491.0;0.0;5:1532:1800:1491
552;2025-12-05 09:56:05;0;C6:F9:7D:D0:EA:64;b8:27:eb:45:02:71;5.0;1529.0;1799.0;1489.0;0.0;5:1529:1799:1489
553;2025-12-05 09:56:06;0;C6:F9:7D:D0:EA:64;b8:27:eb:45:02:71;5.0;1523.0;1816.0;1494.0;0.0;5:1523:1816:1494
554;2025-12-05 09:56:06;0;C6:F9:7D:D0:EA:64;b8:27:eb:45:02:71;5.0;1518.0;1794.0;1482.0;0.0;5:1518:1794:1482
555;2025-12-05 09:56:07;0;C6:F9:7D:D0:EA:64;b8:27:eb:45:02:71;5.0;1519.0;1807.0;1487.0;0.0;5:1519:1807:1487
556;2025-12-05 09:56:07;0;C6:F9:7D:D0:EA:64;b8:27:eb:45:02:71;5.0;1514.0;1790.0;1497.0;0.0;5:1514:1790:1497
557;2025-12-05 09:56:08;0;C6:F9:7D:D0:EA:64;b8:27:eb:45:02:71;5.0;1524.0;1824.0;1459.0;0.0;5:1524:1824:1459
558;2025-12-05 09:56:08;0;C6:F9:7D:D0:EA:64;b8:27:eb:45:02:71;5.0;1519.0;1799.0;1505.0;0.0;5:1519:1799:1505
559;2025-12-05 09:56:09;0;C6:F9:7D:D0:EA:64;b8:27:eb:45:02:71;5.0;1510.0;1804.0;1508.0;0.0;5:1510:1804:1508
560;2025-12-05 09:56:09;0;C6:F9:7D:D0:EA:64;b8:27:eb:45:02:71;5.0;1525.0;1803.0;1513.0;0.0;5:1525:1803:1513
561;2025-12-05 09:56:10;0;C6:F9:7D:D0:EA:64;b8:27:eb:45:02:71;5.0;1512.0;1798.0;1507.0;0.0;5:1512:1798:1507
562;2025-12-05 09:56:10;0;C6:F9:7D:D0:EA:64;b8:27:eb:45:02:71;5.0;1510.0;1807.0;1503.0;0.0;5:1510:1807:1503
563;2025-12-05 09:56:11;0;C6:F9:7D:D0:EA:64;b8:27:eb:45:02:71;5.0;1510.0;1807.0;1516.0;0.0;5:1510:1807:1516
564;2025-12-05 09:56:11;0;C6:F9:7D:D0:EA:64;b8:27:eb:45:02:71;5.0;1521.0;1797.0;1514.0;0.0;5:1521:1797:1514
565;2025-12-05 09:56:12;0;C6:F9:7D:D0:EA:64;b8:27:eb:45:02:71;5.0;1527.0;1802.0;1510.0;0.0;5:1527:1802:1510
566;2025-12-05 09:56:12;0;C6:F9:7D:D0:EA:64;b8:27:eb:45:02:71;5.0;1520.0;1800.0;1506.0;0.0;5:1520:1800:1506
567;2025-12-05 09:56:13;0;C6:F9:7D:D0:EA:64;b8:27:eb:45:02:71;5.0;1508.0;1807.0;1509.0;0.0;5:1508:1807:1509
568;2025-12-05 09:56:13;0;C6:F9:7D:D0:EA:64;b8:27:eb:45:02:71;5.0;1524.0;1808.0;1502.0;0.0;5:1524:1808:1502
569;2025-12-05 09:56:14;0;C6:F9:7D:D0:EA:64;b8:27:eb:45:02:71;5.0;1518.0;1802.0;1496.0;0.0;5:1518:1802:1496
570;2025-12-05 09:56:14;0;C6:F9:7D:D0:EA:64;b8:27:eb:45:02:71;5.0;1514.0;1802.0;1500.0;0.0;5:1514:1802:1500
571;2025-12-05 09:56:15;0;C6:F9:7D:D0:EA:64;b8:27:eb:45:02:71;5.0;1517.0;1801.0;1499.0;0.0;5:1517:1801:1499
572;2025-12-05 09:56:15;0;C6:F9:7D:D0:EA:64;b8:27:eb:45:02:71;5.0;1526.0;1799.0;1502.0;0.0;5:1526:1799:1502
573;2025-12-05 09:56:16;0;C6:F9:7D:D0:EA:64;b8:27:eb:45:02:71;5.0;1518.0;1802.0;1502.0;0.0;5:1518:1802:1502
574;2025-12-05 09:56:16;0;C6:F9:7D:D0:EA:64;b8:27:eb:45:02:71;5.0;1481.0;1789.0;1488.0;0.0;5:1481:1789:1488
575;2025-12-05 09:56:17;0;C6:F9:7D:D0:EA:64;b8:27:eb:45:02:71;5.0;1524.0;1799.0;1478.0;0.0;5:1524:1799:1478
576;2025-12-05 09:56:17;0;C6:F9:7D:D0:EA:64;b8:27:eb:45:02:71;5.0;1528.0;1799.0;1479.0;0.0;5:1528:1799:1479
577;2025-12-05 09:56:18;0;C6:F9:7D:D0:EA:64;b8:27:eb:45:02:71;5.0;1500.0;1853.0;1498.0;0.0;5:1500:1853:1498
578;2025-12-05 09:56:18;0;C6:F9:7D:D0:EA:64;b8:27:eb:45:02:71;5.0;1502.0;1791.0;1466.0;0.0;5:1502:1791:1466
579;2025-12-05 09:56:19;0;C6:F9:7D:D0:EA:64;b8:27:eb:45:02:71;5.0;1541.0;1832.0;1507.0;0.0;5:1541:1832:1507
580;2025-12-05 09:56:19;0;C6:F9:7D:D0:EA:64;b8:27:eb:45:02:71;5.0;1525.0;1802.0;1474.0;0.0;5:1525:1802:1474
581;2025-12-05 09:56:20;0;C6:F9:7D:D0:EA:64;b8:27:eb:45:02:71;5.0;1519.0;1804.0;1465.0;0.0;5:1519:1804:1465
582;2025-12-05 09:56:20;0;C6:F9:7D:D0:EA:64;b8:27:eb:45:02:71;5.0;1518.0;1810.0;1472.0;0.0;5:1518:1810:1472
583;2025-12-05 09:56:21;0;C6:F9:7D:D0:EA:64;b8:27:eb:45:02:71;5.0;1509.0;1815.0;1468.0;0.0;5:1509:1815:1468
584;2025-12-05 09:56:21;0;C6:F9:7D:D0:EA:64;b8:27:eb:45:02:71;5.0;1560.0;1782.0;1437.0;0.0;5:1560:1782:1437
585;2025-12-05 09:56:22;0;C6:F9:7D:D0:EA:64;b8:27:eb:45:02:71;5.0;1525.0;1799.0;1451.0;0.0;5:1525:1799:1451
586;2025-12-05 09:57:02;0;C6:F9:7D:D0:EA:64;b8:27:eb:45:02:71;0.0;1482.0;1458.0;1802.0;0.0;0:1482:1458:1802
587;2025-12-05 09:57:02;0;C6:F9:7D:D0:EA:64;b8:27:eb:45:02:71;0.0;1502.0;1451.0;1796.0;0.0;0:1502:1451:1796
588;2025-12-05 09:57:03;0;C6:F9:7D:D0:EA:64;b8:27:eb:45:02:71;0.0;1520.0;1466.0;1792.0;0.0;0:1520:1466:1792
589;2025-12-05 09:57:03;0;C6:F9:7D:D0:EA:64;b8:27:eb:45:02:71;0.0;1501.0;1455.0;1792.0;0.0;0:1501:1455:1792
590;2025-12-05 09:57:04;0;C6:F9:7D:D0:EA:64;b8:27:eb:45:02:71;0.0;1487.0;1463.0;1793.0;0.0;0:1487:1463:1793
591;2025-12-05 09:57:04;0;C6:F9:7D:D0:EA:64;b8:27:eb:45:02:71;0.0;1494.0;1453.0;1795.0;0.0;0:1494:1453:1795
592;2025-12-05 09:57:05;0;C6:F9:7D:D0:EA:64;b8:27:eb:45:02:71;0.0;1498.0;1457.0;1789.0;0.0;0:1498:1457:1789
593;2025-12-05 09:57:05;0;C6:F9:7D:D0:EA:64;b8:27:eb:45:02:71;0.0;1485.0;1451.0;1793.0;0.0;0:1485:1451:1793
594;2025-12-05 09:57:06;0;C6:F9:7D:D0:EA:64;b8:27:eb:45:02:71;0.0;1489.0;1457.0;1792.0;0.0;0:1489:1457:1792
595;2025-12-05 09:57:06;0;C6:F9:7D:D0:EA:64;b8:27:eb:45:02:71;0.0;1487.0;1460.0;1796.0;0.0;0:1487:1460:1796
596;2025-12-05 09:57:07;0;C6:F9:7D:D0:EA:64;b8:27:eb:45:02:71;0.0;1488.0;1456.0;1790.0;0.0;0:1488:1456:1790
597;2025-12-05 09:57:07;0;C6:F9:7D:D0:EA:64;b8:27:eb:45:02:71;0.0;1485.0;1442.0;1790.0;0.0;0:1485:1442:1790
598;2025-12-05 09:57:08;0;C6:F9:7D:D0:EA:64;b8:27:eb:45:02:71;0.0;1483.0;1448.0;1796.0;0.0;0:1483:1448:1796
599;2025-12-05 09:57:08;0;C6:F9:7D:D0:EA:64;b8:27:eb:45:02:71;0.0;1487.0;1454.0;1792.0;0.0;0:1487:1454:1792
600;2025-12-05 09:57:09;0;C6:F9:7D:D0:EA:64;b8:27:eb:45:02:71;0.0;1495.0;1459.0;1791.0;0.0;0:1495:1459:1791
601;2025-12-05 09:57:09;0;C6:F9:7D:D0:EA:64;b8:27:eb:45:02:71;0.0;1489.0;1454.0;1798.0;0.0;0:1489:1454:1798
602;2025-12-05 09:57:10;0;C6:F9:7D:D0:EA:64;b8:27:eb:45:02:71;0.0;1484.0;1449.0;1793.0;0.0;0:1484:1449:1793
603;2025-12-05 09:57:10;0;C6:F9:7D:D0:EA:64;b8:27:eb:45:02:71;0.0;1471.0;1461.0;1805.0;0.0;0:1471:1461:1805
604;2025-12-05 09:57:11;0;C6:F9:7D:D0:EA:64;b8:27:eb:45:02:71;0.0;1476.0;1448.0;1800.0;0.0;0:1476:1448:1800
605;2025-12-05 09:57:11;0;C6:F9:7D:D0:EA:64;b8:27:eb:45:02:71;0.0;1484.0;1446.0;1796.0;0.0;0:1484:1446:1796
606;2025-12-05 09:57:12;0;C6:F9:7D:D0:EA:64;b8:27:eb:45:02:71;0.0;1480.0;1437.0;1792.0;0.0;0:1480:1437:1792
607;2025-12-05 09:57:12;0;C6:F9:7D:D0:EA:64;b8:27:eb:45:02:71;0.0;1480.0;1440.0;1791.0;0.0;0:1480:1440:1791
608;2025-12-05 09:57:13;0;C6:F9:7D:D0:EA:64;b8:27:eb:45:02:71;0.0;1501.0;1401.0;1781.0;0.0;0:1501:1401:1781
609;2025-12-05 09:57:13;0;C6:F9:7D:D0:EA:64;b8:27:eb:45:02:71;0.0;1488.0;1438.0;1794.0;0.0;0:1488:1438:1794
610;2025-12-05 09:57:14;0;C6:F9:7D:D0:EA:64;b8:27:eb:45:02:71;0.0;1479.0;1434.0;1798.0;0.0;0:1479:1434:1798
611;2025-12-05 09:57:14;0;C6:F9:7D:D0:EA:64;b8:27:eb:45:02:71;0.0;1504.0;1441.0;1791.0;0.0;0:1504:1441:1791
612;2025-12-05 09:57:15;0;C6:F9:7D:D0:EA:64;b8:27:eb:45:02:71;0.0;1525.0;1402.0;1796.0;0.0;0:1525:1402:1796
613;2025-12-05 09:57:15;0;C6:F9:7D:D0:EA:64;b8:27:eb:45:02:71;0.0;1473.0;1365.0;1768.0;0.0;0:1473:1365:1768
614;2025-12-05 09:57:16;0;C6:F9:7D:D0:EA:64;b8:27:eb:45:02:71;0.0;1437.0;1429.0;1792.0;0.0;0:1437:1429:1792
615;2025-12-05 09:57:16;0;C6:F9:7D:D0:EA:64;b8:27:eb:45:02:71;1.0;1543.0;1423.0;1552.0;0.0;1:1543:1423:1552
616;2025-12-05 09:57:17;0;C6:F9:7D:D0:EA:64;b8:27:eb:45:02:71;1.0;1386.0;1615.0;1156.0;0.0;1:1386:1615:1156
617;2025-12-05 09:57:17;0;C6:F9:7D:D0:EA:64;b8:27:eb:45:02:71;1.0;1463.0;1538.0;1191.0;0.0;1:1463:1538:1191
618;2025-12-05 09:57:18;0;C6:F9:7D:D0:EA:64;b8:27:eb:45:02:71;1.0;1464.0;1493.0;1191.0;0.0;1:1464:1493:1191
619;2025-12-05 09:57:18;0;C6:F9:7D:D0:EA:64;b8:27:eb:45:02:71;1.0;1491.0;1480.0;1178.0;0.0;1:1491:1480:1178
620;2025-12-05 09:57:19;0;C6:F9:7D:D0:EA:64;b8:27:eb:45:02:71;1.0;1490.0;1475.0;1188.0;0.0;1:1490:1475:1188
621;2025-12-05 09:57:19;0;C6:F9:7D:D0:EA:64;b8:27:eb:45:02:71;1.0;1491.0;1487.0;1186.0;0.0;1:1491:1487:1186
622;2025-12-05 09:57:20;0;C6:F9:7D:D0:EA:64;b8:27:eb:45:02:71;1.0;1490.0;1481.0;1183.0;0.0;1:1490:1481:1183
623;2025-12-05 09:57:20;0;C6:F9:7D:D0:EA:64;b8:27:eb:45:02:71;1.0;1493.0;1478.0;1187.0;0.0;1:1493:1478:1187
624;2025-12-05 09:57:21;0;C6:F9:7D:D0:EA:64;b8:27:eb:45:02:71;1.0;1496.0;1483.0;1180.0;0.0;1:1496:1483:1180
625;2025-12-05 09:57:21;0;C6:F9:7D:D0:EA:64;b8:27:eb:45:02:71;1.0;1491.0;1479.0;1183.0;0.0;1:1491:1479:1183
626;2025-12-05 09:57:22;0;C6:F9:7D:D0:EA:64;b8:27:eb:45:02:71;1.0;1489.0;1484.0;1189.0;0.0;1:1489:1484:1189
627;2025-12-05 09:57:22;0;C6:F9:7D:D0:EA:64;b8:27:eb:45:02:71;1.0;1493.0;1480.0;1182.0;0.0;1:1493:1480:1182
628;2025-12-05 09:57:23;0;C6:F9:7D:D0:EA:64;b8:27:eb:45:02:71;1.0;1495.0;1486.0;1187.0;0.0;1:1495:1486:1187
629;2025-12-05 09:57:23;0;C6:F9:7D:D0:EA:64;b8:27:eb:45:02:71;1.0;1492.0;1485.0;1188.0;0.0;1:1492:1485:1188
630;2025-12-05 09:57:24;0;C6:F9:7D:D0:EA:64;b8:27:eb:45:02:71;1.0;1489.0;1482.0;1187.0;0.0;1:1489:1482:1187
631;2025-12-05 09:57:24;0;C6:F9:7D:D0:EA:64;b8:27:eb:45:02:71;1.0;1498.0;1482.0;1197.0;0.0;1:1498:1482:1197
632;2025-12-05 09:57:25;0;C6:F9:7D:D0:EA:64;b8:27:eb:45:02:71;1.0;1495.0;1480.0;1190.0;0.0;1:1495:1480:1190
633;2025-12-05 09:57:25;0;C6:F9:7D:D0:EA:64;b8:27:eb:45:02:71;1.0;1491.0;1481.0;1187.0;0.0;1:1491:1481:1187
634;2025-12-05 09:57:26;0;C6:F9:7D:D0:EA:64;b8:27:eb:45:02:71;1.0;1491.0;1473.0;1183.0;0.0;1:1491:1473:1183
635;2025-12-05 09:57:26;0;C6:F9:7D:D0:EA:64;b8:27:eb:45:02:71;1.0;1495.0;1477.0;1193.0;0.0;1:1495:1477:1193
636;2025-12-05 09:57:27;0;C6:F9:7D:D0:EA:64;b8:27:eb:45:02:71;1.0;1494.0;1485.0;1187.0;0.0;1:1494:1485:1187
637;2025-12-05 09:57:27;0;C6:F9:7D:D0:EA:64;b8:27:eb:45:02:71;1.0;1490.0;1482.0;1184.0;0.0;1:1490:1482:1184
638;2025-12-05 09:57:28;0;C6:F9:7D:D0:EA:64;b8:27:eb:45:02:71;1.0;1493.0;1484.0;1189.0;0.0;1:1493:1484:1189
639;2025-12-05 09:57:28;0;C6:F9:7D:D0:EA:64;b8:27:eb:45:02:71;1.0;1497.0;1480.0;1185.0;0.0;1:1497:1480:1185
640;2025-12-05 09:57:29;0;C6:F9:7D:D0:EA:64;b8:27:eb:45:02:71;1.0;1492.0;1477.0;1188.0;0.0;1:1492:1477:1188
641;2025-12-05 09:57:29;0;C6:F9:7D:D0:EA:64;b8:27:eb:45:02:71;1.0;1490.0;1480.0;1196.0;0.0;1:1490:1480:1196
642;2025-12-05 09:57:30;0;C6:F9:7D:D0:EA:64;b8:27:eb:45:02:71;1.0;1495.0;1484.0;1188.0;0.0;1:1495:1484:1188
643;2025-12-05 09:57:30;0;C6:F9:7D:D0:EA:64;b8:27:eb:45:02:71;1.0;1475.0;1490.0;1187.0;0.0;1:1475:1490:1187
644;2025-12-05 09:57:31;0;C6:F9:7D:D0:EA:64;b8:27:eb:45:02:71;1.0;1476.0;1502.0;1190.0;0.0;1:1476:1502:1190
645;2025-12-05 09:57:31;0;C6:F9:7D:D0:EA:64;b8:27:eb:45:02:71;1.0;1448.0;1476.0;1177.0;0.0;1:1448:1476:1177
646;2025-12-05 09:57:32;0;C6:F9:7D:D0:EA:64;b8:27:eb:45:02:71;1.0;1451.0;1508.0;1187.0;0.0;1:1451:1508:1187
647;2025-12-05 09:57:32;0;C6:F9:7D:D0:EA:64;b8:27:eb:45:02:71;1.0;1480.0;1487.0;1187.0;0.0;1:1480:1487:1187
648;2025-12-05 09:57:33;0;C6:F9:7D:D0:EA:64;b8:27:eb:45:02:71;1.0;1515.0;1487.0;1183.0;0.0;1:1515:1487:1183
649;2025-12-05 09:57:33;0;C6:F9:7D:D0:EA:64;b8:27:eb:45:02:71;1.0;1492.0;1482.0;1180.0;0.0;1:1492:1482:1180
650;2025-12-05 09:57:34;0;C6:F9:7D:D0:EA:64;b8:27:eb:45:02:71;1.0;1494.0;1485.0;1180.0;0.0;1:1494:1485:1180
651;2025-12-05 09:57:34;0;C6:F9:7D:D0:EA:64;b8:27:eb:45:02:71;1.0;1464.0;1472.0;1187.0;0.0;1:1464:1472:1187
652;2025-12-05 09:57:35;0;C6:F9:7D:D0:EA:64;b8:27:eb:45:02:71;1.0;1501.0;1494.0;1194.0;0.0;1:1501:1494:1194
653;2025-12-05 09:57:35;0;C6:F9:7D:D0:EA:64;b8:27:eb:45:02:71;2.0;1697.0;1485.0;1232.0;0.0;2:1697:1485:1232
654;2025-12-05 09:57:36;0;C6:F9:7D:D0:EA:64;b8:27:eb:45:02:71;2.0;1747.0;1425.0;1480.0;0.0;2:1747:1425:1480
655;2025-12-05 09:57:36;0;C6:F9:7D:D0:EA:64;b8:27:eb:45:02:71;2.0;1771.0;1458.0;1497.0;0.0;2:1771:1458:1497
656;2025-12-05 09:57:37;0;C6:F9:7D:D0:EA:64;b8:27:eb:45:02:71;2.0;1785.0;1459.0;1508.0;0.0;2:1785:1459:1508
657;2025-12-05 09:57:37;0;C6:F9:7D:D0:EA:64;b8:27:eb:45:02:71;2.0;1793.0;1461.0;1511.0;0.0;2:1793:1461:1511
658;2025-12-05 09:57:38;0;C6:F9:7D:D0:EA:64;b8:27:eb:45:02:71;2.0;1791.0;1469.0;1508.0;0.0;2:1791:1469:1508
659;2025-12-05 09:57:38;0;C6:F9:7D:D0:EA:64;b8:27:eb:45:02:71;2.0;1787.0;1464.0;1496.0;0.0;2:1787:1464:1496
660;2025-12-05 09:57:39;0;C6:F9:7D:D0:EA:64;b8:27:eb:45:02:71;2.0;1787.0;1466.0;1501.0;0.0;2:1787:1466:1501
661;2025-12-05 09:57:39;0;C6:F9:7D:D0:EA:64;b8:27:eb:45:02:71;2.0;1788.0;1473.0;1479.0;0.0;2:1788:1473:1479
662;2025-12-05 09:57:40;0;C6:F9:7D:D0:EA:64;b8:27:eb:45:02:71;2.0;1785.0;1468.0;1497.0;0.0;2:1785:1468:1497
663;2025-12-05 09:57:40;0;C6:F9:7D:D0:EA:64;b8:27:eb:45:02:71;2.0;1789.0;1482.0;1500.0;0.0;2:1789:1482:1500
664;2025-12-05 09:57:41;0;C6:F9:7D:D0:EA:64;b8:27:eb:45:02:71;2.0;1796.0;1500.0;1495.0;0.0;2:1796:1500:1495
665;2025-12-05 09:57:41;0;C6:F9:7D:D0:EA:64;b8:27:eb:45:02:71;2.0;1804.0;1575.0;1483.0;0.0;2:1804:1575:1483
666;2025-12-05 09:57:42;0;C6:F9:7D:D0:EA:64;b8:27:eb:45:02:71;2.0;1792.0;1546.0;1514.0;0.0;2:1792:1546:1514
667;2025-12-05 09:57:42;0;C6:F9:7D:D0:EA:64;b8:27:eb:45:02:71;2.0;1796.0;1540.0;1527.0;0.0;2:1796:1540:1527
668;2025-12-05 09:57:43;0;C6:F9:7D:D0:EA:64;b8:27:eb:45:02:71;2.0;1785.0;1493.0;1471.0;0.0;2:1785:1493:1471
669;2025-12-05 09:57:43;0;C6:F9:7D:D0:EA:64;b8:27:eb:45:02:71;2.0;1783.0;1466.0;1493.0;0.0;2:1783:1466:1493
670;2025-12-05 09:57:44;0;C6:F9:7D:D0:EA:64;b8:27:eb:45:02:71;2.0;1785.0;1517.0;1510.0;0.0;2:1785:1517:1510
671;2025-12-05 09:57:44;0;C6:F9:7D:D0:EA:64;b8:27:eb:45:02:71;2.0;1785.0;1503.0;1482.0;0.0;2:1785:1503:1482
672;2025-12-05 09:57:45;0;C6:F9:7D:D0:EA:64;b8:27:eb:45:02:71;2.0;1785.0;1504.0;1495.0;0.0;2:1785:1504:1495
673;2025-12-05 09:57:45;0;C6:F9:7D:D0:EA:64;b8:27:eb:45:02:71;2.0;1791.0;1500.0;1495.0;0.0;2:1791:1500:1495
674;2025-12-05 09:57:46;0;C6:F9:7D:D0:EA:64;b8:27:eb:45:02:71;2.0;1792.0;1498.0;1489.0;0.0;2:1792:1498:1489
675;2025-12-05 09:57:46;0;C6:F9:7D:D0:EA:64;b8:27:eb:45:02:71;2.0;1792.0;1496.0;1494.0;0.0;2:1792:1496:1494
676;2025-12-05 09:57:47;0;C6:F9:7D:D0:EA:64;b8:27:eb:45:02:71;2.0;1793.0;1500.0;1492.0;0.0;2:1793:1500:1492
677;2025-12-05 09:57:47;0;C6:F9:7D:D0:EA:64;b8:27:eb:45:02:71;2.0;1788.0;1495.0;1496.0;0.0;2:1788:1495:1496
678;2025-12-05 09:57:48;0;C6:F9:7D:D0:EA:64;b8:27:eb:45:02:71;2.0;1789.0;1501.0;1494.0;0.0;2:1789:1501:1494
679;2025-12-05 09:57:48;0;C6:F9:7D:D0:EA:64;b8:27:eb:45:02:71;2.0;1793.0;1500.0;1495.0;0.0;2:1793:1500:1495
680;2025-12-05 09:57:49;0;C6:F9:7D:D0:EA:64;b8:27:eb:45:02:71;2.0;1792.0;1500.0;1500.0;0.0;2:1792:1500:1500
681;2025-12-05 09:57:49;0;C6:F9:7D:D0:EA:64;b8:27:eb:45:02:71;2.0;1796.0;1502.0;1508.0;0.0;2:1796:1502:1508
682;2025-12-05 09:57:50;0;C6:F9:7D:D0:EA:64;b8:27:eb:45:02:71;2.0;1789.0;1504.0;1500.0;0.0;2:1789:1504:1500
683;2025-12-05 09:57:50;0;C6:F9:7D:D0:EA:64;b8:27:eb:45:02:71;2.0;1794.0;1504.0;1500.0;0.0;2:1794:1504:1500
684;2025-12-05 09:57:51;0;C6:F9:7D:D0:EA:64;b8:27:eb:45:02:71;2.0;1798.0;1506.0;1498.0;0.0;2:1798:1506:1498
685;2025-12-05 09:57:51;0;C6:F9:7D:D0:EA:64;b8:27:eb:45:02:71;2.0;1793.0;1502.0;1492.0;0.0;2:1793:1502:1492
686;2025-12-05 09:57:52;0;C6:F9:7D:D0:EA:64;b8:27:eb:45:02:71;2.0;1797.0;1498.0;1487.0;0.0;2:1797:1498:1487
687;2025-12-05 09:57:52;0;C6:F9:7D:D0:EA:64;b8:27:eb:45:02:71;2.0;1786.0;1504.0;1500.0;0.0;2:1786:1504:1500
688;2025-12-05 09:57:53;0;C6:F9:7D:D0:EA:64;b8:27:eb:45:02:71;2.0;1792.0;1506.0;1505.0;0.0;2:1792:1506:1505
689;2025-12-05 09:57:53;0;C6:F9:7D:D0:EA:64;b8:27:eb:45:02:71;2.0;1799.0;1506.0;1478.0;0.0;2:1799:1506:1478
690;2025-12-05 09:57:54;0;C6:F9:7D:D0:EA:64;b8:27:eb:45:02:71;2.0;1791.0;1504.0;1501.0;0.0;2:1791:1504:1501
691;2025-12-05 09:57:54;0;C6:F9:7D:D0:EA:64;b8:27:eb:45:02:71;2.0;1786.0;1503.0;1504.0;0.0;2:1786:1503:1504
692;2025-12-05 09:57:55;0;C6:F9:7D:D0:EA:64;b8:27:eb:45:02:71;2.0;1795.0;1508.0;1489.0;0.0;2:1795:1508:1489
693;2025-12-05 09:57:55;0;C6:F9:7D:D0:EA:64;b8:27:eb:45:02:71;2.0;1793.0;1508.0;1495.0;0.0;2:1793:1508:1495
694;2025-12-05 09:57:56;0;C6:F9:7D:D0:EA:64;b8:27:eb:45:02:71;2.0;1784.0;1502.0;1489.0;0.0;2:1784:1502:1489
695;2025-12-05 09:57:56;0;C6:F9:7D:D0:EA:64;b8:27:eb:45:02:71;2.0;1792.0;1502.0;1501.0;0.0;2:1792:1502:1501
696;2025-12-05 09:57:57;0;C6:F9:7D:D0:EA:64;b8:27:eb:45:02:71;2.0;1788.0;1504.0;1496.0;0.0;2:1788:1504:1496
697;2025-12-05 09:57:57;0;C6:F9:7D:D0:EA:64;b8:27:eb:45:02:71;2.0;1792.0;1504.0;1504.0;0.0;2:1792:1504:1504
698;2025-12-05 09:57:58;0;C6:F9:7D:D0:EA:64;b8:27:eb:45:02:71;3.0;1805.0;1496.0;1483.0;0.0;3:1805:1496:1483
699;2025-12-05 09:57:58;0;C6:F9:7D:D0:EA:64;b8:27:eb:45:02:71;3.0;1794.0;1553.0;1596.0;0.0;3:1794:1553:1596
700;2025-12-05 09:57:59;0;C6:F9:7D:D0:EA:64;b8:27:eb:45:02:71;3.0;1209.0;1487.0;1736.0;0.0;3:1209:1487:1736
701;2025-12-05 09:57:59;0;C6:F9:7D:D0:EA:64;b8:27:eb:45:02:71;3.0;1241.0;1405.0;1544.0;0.0;3:1241:1405:1544
702;2025-12-05 09:58:00;0;C6:F9:7D:D0:EA:64;b8:27:eb:45:02:71;3.0;1170.0;1338.0;1500.0;0.0;3:1170:1338:1500
703;2025-12-05 09:58:00;0;C6:F9:7D:D0:EA:64;b8:27:eb:45:02:71;3.0;1335.0;1349.0;1461.0;0.0;3:1335:1349:1461
704;2025-12-05 09:58:01;0;C6:F9:7D:D0:EA:64;b8:27:eb:45:02:71;3.0;1208.0;1578.0;1476.0;0.0;3:1208:1578:1476
705;2025-12-05 09:58:01;0;C6:F9:7D:D0:EA:64;b8:27:eb:45:02:71;3.0;1149.0;1537.0;1465.0;0.0;3:1149:1537:1465
706;2025-12-05 09:58:02;0;C6:F9:7D:D0:EA:64;b8:27:eb:45:02:71;3.0;1171.0;1545.0;1462.0;0.0;3:1171:1545:1462
707;2025-12-05 09:58:02;0;C6:F9:7D:D0:EA:64;b8:27:eb:45:02:71;3.0;1150.0;1452.0;1416.0;0.0;3:1150:1452:1416
708;2025-12-05 09:58:03;0;C6:F9:7D:D0:EA:64;b8:27:eb:45:02:71;3.0;1178.0;1458.0;1444.0;0.0;3:1178:1458:1444
709;2025-12-05 09:58:03;0;C6:F9:7D:D0:EA:64;b8:27:eb:45:02:71;3.0;1207.0;1493.0;1491.0;0.0;3:1207:1493:1491
710;2025-12-05 09:58:04;0;C6:F9:7D:D0:EA:64;b8:27:eb:45:02:71;3.0;1181.0;1438.0;1476.0;0.0;3:1181:1438:1476
711;2025-12-05 09:58:04;0;C6:F9:7D:D0:EA:64;b8:27:eb:45:02:71;3.0;1181.0;1448.0;1474.0;0.0;3:1181:1448:1474
712;2025-12-05 09:58:05;0;C6:F9:7D:D0:EA:64;b8:27:eb:45:02:71;3.0;1191.0;1442.0;1477.0;0.0;3:1191:1442:1477
713;2025-12-05 09:58:05;0;C6:F9:7D:D0:EA:64;b8:27:eb:45:02:71;3.0;1174.0;1479.0;1475.0;0.0;3:1174:1479:1475
714;2025-12-05 09:58:06;0;C6:F9:7D:D0:EA:64;b8:27:eb:45:02:71;3.0;1179.0;1474.0;1482.0;0.0;3:1179:1474:1482
715;2025-12-05 09:58:06;0;C6:F9:7D:D0:EA:64;b8:27:eb:45:02:71;3.0;1182.0;1467.0;1488.0;0.0;3:1182:1467:1488
716;2025-12-05 09:58:07;0;C6:F9:7D:D0:EA:64;b8:27:eb:45:02:71;3.0;1177.0;1475.0;1487.0;0.0;3:1177:1475:1487
717;2025-12-05 09:58:07;0;C6:F9:7D:D0:EA:64;b8:27:eb:45:02:71;3.0;1211.0;1475.0;1486.0;0.0;3:1211:1475:1486
718;2025-12-05 09:58:08;0;C6:F9:7D:D0:EA:64;b8:27:eb:45:02:71;3.0;1190.0;1480.0;1481.0;0.0;3:1190:1480:1481
719;2025-12-05 09:58:08;0;C6:F9:7D:D0:EA:64;b8:27:eb:45:02:71;3.0;1190.0;1468.0;1486.0;0.0;3:1190:1468:1486
720;2025-12-05 09:58:09;0;C6:F9:7D:D0:EA:64;b8:27:eb:45:02:71;3.0;1184.0;1480.0;1489.0;0.0;3:1184:1480:1489
721;2025-12-05 09:58:09;0;C6:F9:7D:D0:EA:64;b8:27:eb:45:02:71;3.0;1177.0;1490.0;1490.0;0.0;3:1177:1490:1490
722;2025-12-05 09:58:10;0;C6:F9:7D:D0:EA:64;b8:27:eb:45:02:71;3.0;1181.0;1481.0;1487.0;0.0;3:1181:1481:1487
723;2025-12-05 09:58:11;0;C6:F9:7D:D0:EA:64;b8:27:eb:45:02:71;3.0;1184.0;1485.0;1484.0;0.0;3:1184:1485:1484
724;2025-12-05 09:58:11;0;C6:F9:7D:D0:EA:64;b8:27:eb:45:02:71;3.0;1180.0;1479.0;1489.0;0.0;3:1180:1479:1489
725;2025-12-05 09:58:11;0;C6:F9:7D:D0:EA:64;b8:27:eb:45:02:71;3.0;1183.0;1509.0;1498.0;0.0;3:1183:1509:1498
726;2025-12-05 09:58:12;0;C6:F9:7D:D0:EA:64;b8:27:eb:45:02:71;3.0;1146.0;1505.0;1493.0;0.0;3:1146:1505:1493
727;2025-12-05 09:58:13;0;C6:F9:7D:D0:EA:64;b8:27:eb:45:02:71;3.0;1189.0;1497.0;1493.0;0.0;3:1189:1497:1493
728;2025-12-05 09:58:13;0;C6:F9:7D:D0:EA:64;b8:27:eb:45:02:71;3.0;1196.0;1487.0;1511.0;0.0;3:1196:1487:1511
729;2025-12-05 09:58:13;0;C6:F9:7D:D0:EA:64;b8:27:eb:45:02:71;3.0;1180.0;1489.0;1501.0;0.0;3:1180:1489:1501
730;2025-12-05 09:58:14;0;C6:F9:7D:D0:EA:64;b8:27:eb:45:02:71;3.0;1188.0;1492.0;1495.0;0.0;3:1188:1492:1495
731;2025-12-05 09:58:15;0;C6:F9:7D:D0:EA:64;b8:27:eb:45:02:71;3.0;1177.0;1492.0;1505.0;0.0;3:1177:1492:1505
732;2025-12-05 09:58:15;0;C6:F9:7D:D0:EA:64;b8:27:eb:45:02:71;3.0;1183.0;1492.0;1496.0;0.0;3:1183:1492:1496
733;2025-12-05 09:58:15;0;C6:F9:7D:D0:EA:64;b8:27:eb:45:02:71;3.0;1179.0;1494.0;1500.0;0.0;3:1179:1494:1500
734;2025-12-05 09:58:16;0;C6:F9:7D:D0:EA:64;b8:27:eb:45:02:71;3.0;1176.0;1497.0;1499.0;0.0;3:1176:1497:1499
735;2025-12-05 09:58:17;0;C6:F9:7D:D0:EA:64;b8:27:eb:45:02:71;3.0;1181.0;1490.0;1500.0;0.0;3:1181:1490:1500
736;2025-12-05 09:58:17;0;C6:F9:7D:D0:EA:64;b8:27:eb:45:02:71;3.0;1179.0;1508.0;1500.0;0.0;3:1179:1508:1500
737;2025-12-05 09:58:17;0;C6:F9:7D:D0:EA:64;b8:27:eb:45:02:71;3.0;1204.0;1487.0;1498.0;0.0;3:1204:1487:1498
738;2025-12-05 09:58:18;0;C6:F9:7D:D0:EA:64;b8:27:eb:45:02:71;3.0;1183.0;1490.0;1499.0;0.0;3:1183:1490:1499
739;2025-12-05 09:58:19;0;C6:F9:7D:D0:EA:64;b8:27:eb:45:02:71;3.0;1187.0;1485.0;1489.0;0.0;3:1187:1485:1489
740;2025-12-05 09:58:19;0;C6:F9:7D:D0:EA:64;b8:27:eb:45:02:71;3.0;1183.0;1496.0;1498.0;0.0;3:1183:1496:1498
741;2025-12-05 09:58:19;0;C6:F9:7D:D0:EA:64;b8:27:eb:45:02:71;3.0;1183.0;1499.0;1495.0;0.0;3:1183:1499:1495
742;2025-12-05 09:58:20;0;C6:F9:7D:D0:EA:64;b8:27:eb:45:02:71;3.0;1190.0;1488.0;1497.0;0.0;3:1190:1488:1497
743;2025-12-05 09:58:21;0;C6:F9:7D:D0:EA:64;b8:27:eb:45:02:71;3.0;1184.0;1484.0;1496.0;0.0;3:1184:1484:1496
744;2025-12-05 09:58:21;0;C6:F9:7D:D0:EA:64;b8:27:eb:45:02:71;3.0;1192.0;1505.0;1539.0;0.0;3:1192:1505:1539
745;2025-12-05 09:58:21;0;C6:F9:7D:D0:EA:64;b8:27:eb:45:02:71;4.0;1325.0;1236.0;1545.0;0.0;4:1325:1236:1545
746;2025-12-05 09:58:22;0;C6:F9:7D:D0:EA:64;b8:27:eb:45:02:71;4.0;1433.0;1099.0;1467.0;0.0;4:1433:1099:1467
747;2025-12-05 09:58:23;0;C6:F9:7D:D0:EA:64;b8:27:eb:45:02:71;4.0;1428.0;1189.0;1537.0;0.0;4:1428:1189:1537
748;2025-12-05 09:58:23;0;C6:F9:7D:D0:EA:64;b8:27:eb:45:02:71;4.0;1507.0;1176.0;1573.0;0.0;4:1507:1176:1573
749;2025-12-05 09:58:24;0;C6:F9:7D:D0:EA:64;b8:27:eb:45:02:71;4.0;1469.0;1175.0;1520.0;0.0;4:1469:1175:1520
750;2025-12-05 09:58:24;0;C6:F9:7D:D0:EA:64;b8:27:eb:45:02:71;4.0;1448.0;1186.0;1508.0;0.0;4:1448:1186:1508
751;2025-12-05 09:58:25;0;C6:F9:7D:D0:EA:64;b8:27:eb:45:02:71;4.0;1468.0;1168.0;1517.0;0.0;4:1468:1168:1517
752;2025-12-05 09:58:25;0;C6:F9:7D:D0:EA:64;b8:27:eb:45:02:71;4.0;1475.0;1185.0;1530.0;0.0;4:1475:1185:1530
753;2025-12-05 09:58:26;0;C6:F9:7D:D0:EA:64;b8:27:eb:45:02:71;4.0;1473.0;1190.0;1527.0;0.0;4:1473:1190:1527
754;2025-12-05 09:58:26;0;C6:F9:7D:D0:EA:64;b8:27:eb:45:02:71;4.0;1471.0;1187.0;1523.0;0.0;4:1471:1187:1523
755;2025-12-05 09:58:27;0;C6:F9:7D:D0:EA:64;b8:27:eb:45:02:71;4.0;1476.0;1189.0;1538.0;0.0;4:1476:1189:1538
756;2025-12-05 09:58:27;0;C6:F9:7D:D0:EA:64;b8:27:eb:45:02:71;4.0;1480.0;1180.0;1533.0;0.0;4:1480:1180:1533
757;2025-12-05 09:58:28;0;C6:F9:7D:D0:EA:64;b8:27:eb:45:02:71;4.0;1473.0;1189.0;1535.0;0.0;4:1473:1189:1535
758;2025-12-05 09:58:28;0;C6:F9:7D:D0:EA:64;b8:27:eb:45:02:71;4.0;1481.0;1176.0;1531.0;0.0;4:1481:1176:1531
759;2025-12-05 09:58:29;0;C6:F9:7D:D0:EA:64;b8:27:eb:45:02:71;4.0;1479.0;1191.0;1530.0;0.0;4:1479:1191:1530
760;2025-12-05 09:58:29;0;C6:F9:7D:D0:EA:64;b8:27:eb:45:02:71;4.0;1478.0;1188.0;1535.0;0.0;4:1478:1188:1535
761;2025-12-05 09:58:30;0;C6:F9:7D:D0:EA:64;b8:27:eb:45:02:71;4.0;1471.0;1187.0;1537.0;0.0;4:1471:1187:1537
762;2025-12-05 09:58:30;0;C6:F9:7D:D0:EA:64;b8:27:eb:45:02:71;4.0;1479.0;1184.0;1535.0;0.0;4:1479:1184:1535
763;2025-12-05 09:58:30;0;C6:F9:7D:D0:EA:64;b8:27:eb:45:02:71;4.0;1478.0;1190.0;1531.0;0.0;4:1478:1190:1531
764;2025-12-05 09:58:31;0;C6:F9:7D:D0:EA:64;b8:27:eb:45:02:71;4.0;1474.0;1188.0;1543.0;0.0;4:1474:1188:1543
765;2025-12-05 09:58:32;0;C6:F9:7D:D0:EA:64;b8:27:eb:45:02:71;4.0;1480.0;1191.0;1534.0;0.0;4:1480:1191:1534
766;2025-12-05 09:58:32;0;C6:F9:7D:D0:EA:64;b8:27:eb:45:02:71;4.0;1476.0;1183.0;1537.0;0.0;4:1476:1183:1537
767;2025-12-05 09:58:32;0;C6:F9:7D:D0:EA:64;b8:27:eb:45:02:71;4.0;1473.0;1189.0;1539.0;0.0;4:1473:1189:1539
768;2025-12-05 09:58:33;0;C6:F9:7D:D0:EA:64;b8:27:eb:45:02:71;4.0;1483.0;1197.0;1539.0;0.0;4:1483:1197:1539
769;2025-12-05 09:58:34;0;C6:F9:7D:D0:EA:64;b8:27:eb:45:02:71;4.0;1478.0;1203.0;1549.0;0.0;4:1478:1203:1549
770;2025-12-05 09:58:34;0;C6:F9:7D:D0:EA:64;b8:27:eb:45:02:71;4.0;1487.0;1183.0;1555.0;0.0;4:1487:1183:1555
771;2025-12-05 09:58:34;0;C6:F9:7D:D0:EA:64;b8:27:eb:45:02:71;4.0;1482.0;1206.0;1558.0;0.0;4:1482:1206:1558
772;2025-12-05 09:58:35;0;C6:F9:7D:D0:EA:64;b8:27:eb:45:02:71;4.0;2721.0;2510.0;2618.0;0.0;4:2721:2510:2618
773;2025-12-05 09:58:36;0;C6:F9:7D:D0:EA:64;b8:27:eb:45:02:71;5.0;1531.0;1869.0;1407.0;0.0;5:1531:1869:1407
774;2025-12-05 09:58:36;0;C6:F9:7D:D0:EA:64;b8:27:eb:45:02:71;5.0;2712.0;2817.0;2812.0;0.0;5:2712:2817:2812
775;2025-12-05 09:58:37;0;C6:F9:7D:D0:EA:64;b8:27:eb:45:02:71;5.0;1494.0;1807.0;1500.0;0.0;5:1494:1807:1500
776;2025-12-05 09:58:37;0;C6:F9:7D:D0:EA:64;b8:27:eb:45:02:71;5.0;1486.0;1807.0;1480.0;0.0;5:1486:1807:1480
777;2025-12-05 09:58:38;0;C6:F9:7D:D0:EA:64;b8:27:eb:45:02:71;5.0;1489.0;1815.0;1502.0;0.0;5:1489:1815:1502
778;2025-12-05 09:58:38;0;C6:F9:7D:D0:EA:64;b8:27:eb:45:02:71;5.0;1496.0;1796.0;1487.0;0.0;5:1496:1796:1487
779;2025-12-05 09:58:39;0;C6:F9:7D:D0:EA:64;b8:27:eb:45:02:71;5.0;1509.0;1805.0;1479.0;0.0;5:1509:1805:1479
780;2025-12-05 09:58:39;0;C6:F9:7D:D0:EA:64;b8:27:eb:45:02:71;5.0;1510.0;1803.0;1482.0;0.0;5:1510:1803:1482
781;2025-12-05 09:58:40;0;C6:F9:7D:D0:EA:64;b8:27:eb:45:02:71;5.0;1519.0;1810.0;1482.0;0.0;5:1519:1810:1482
782;2025-12-05 09:58:40;0;C6:F9:7D:D0:EA:64;b8:27:eb:45:02:71;5.0;1524.0;1804.0;1480.0;0.0;5:1524:1804:1480
783;2025-12-05 09:58:41;0;C6:F9:7D:D0:EA:64;b8:27:eb:45:02:71;5.0;1511.0;1807.0;1485.0;0.0;5:1511:1807:1485
784;2025-12-05 09:58:41;0;C6:F9:7D:D0:EA:64;b8:27:eb:45:02:71;5.0;1503.0;1799.0;1468.0;0.0;5:1503:1799:1468
785;2025-12-05 09:58:42;0;C6:F9:7D:D0:EA:64;b8:27:eb:45:02:71;5.0;1511.0;1806.0;1480.0;0.0;5:1511:1806:1480
786;2025-12-05 09:58:42;0;C6:F9:7D:D0:EA:64;b8:27:eb:45:02:71;5.0;1509.0;1799.0;1473.0;0.0;5:1509:1799:1473
787;2025-12-05 09:58:43;0;C6:F9:7D:D0:EA:64;b8:27:eb:45:02:71;5.0;1515.0;1804.0;1479.0;0.0;5:1515:1804:1479
788;2025-12-05 09:58:43;0;C6:F9:7D:D0:EA:64;b8:27:eb:45:02:71;5.0;1509.0;1800.0;1483.0;0.0;5:1509:1800:1483
789;2025-12-05 09:58:44;0;C6:F9:7D:D0:EA:64;b8:27:eb:45:02:71;5.0;1510.0;1806.0;1480.0;0.0;5:1510:1806:1480
790;2025-12-05 09:58:44;0;C6:F9:7D:D0:EA:64;b8:27:eb:45:02:71;5.0;1515.0;1804.0;1479.0;0.0;5:1515:1804:1479
791;2025-12-05 09:58:45;0;C6:F9:7D:D0:EA:64;b8:27:eb:45:02:71;5.0;1505.0;1799.0;1490.0;0.0;5:1505:1799:1490
792;2025-12-05 09:58:45;0;C6:F9:7D:D0:EA:64;b8:27:eb:45:02:71;5.0;1515.0;1799.0;1480.0;0.0;5:1515:1799:1480
793;2025-12-05 09:58:46;0;C6:F9:7D:D0:EA:64;b8:27:eb:45:02:71;5.0;1517.0;1804.0;1483.0;0.0;5:1517:1804:1483
794;2025-12-05 09:58:46;0;C6:F9:7D:D0:EA:64;b8:27:eb:45:02:71;5.0;1509.0;1800.0;1480.0;0.0;5:1509:1800:1480
795;2025-12-05 09:58:47;0;C6:F9:7D:D0:EA:64;b8:27:eb:45:02:71;5.0;1510.0;1803.0;1482.0;0.0;5:1510:1803:1482
796;2025-12-05 09:58:47;0;C6:F9:7D:D0:EA:64;b8:27:eb:45:02:71;5.0;1510.0;1801.0;1490.0;0.0;5:1510:1801:1490
797;2025-12-05 09:58:48;0;C6:F9:7D:D0:EA:64;b8:27:eb:45:02:71;5.0;1518.0;1799.0;1477.0;0.0;5:1518:1799:1477
798;2025-12-05 09:58:48;0;C6:F9:7D:D0:EA:64;b8:27:eb:45:02:71;5.0;1510.0;1800.0;1485.0;0.0;5:1510:1800:1485
799;2025-12-05 09:58:49;0;C6:F9:7D:D0:EA:64;b8:27:eb:45:02:71;5.0;1511.0;1799.0;1483.0;0.0;5:1511:1799:1483
800;2025-12-05 09:58:49;0;C6:F9:7D:D0:EA:64;b8:27:eb:45:02:71;5.0;1522.0;1800.0;1481.0;0.0;5:1522:1800:1481
801;2025-12-05 09:58:50;0;C6:F9:7D:D0:EA:64;b8:27:eb:45:02:71;5.0;1514.0;1800.0;1481.0;0.0;5:1514:1800:1481
802;2025-12-05 09:58:50;0;C6:F9:7D:D0:EA:64;b8:27:eb:45:02:71;5.0;1500.0;1805.0;1483.0;0.0;5:1500:1805:1483
803;2025-12-05 09:58:51;0;C6:F9:7D:D0:EA:64;b8:27:eb:45:02:71;5.0;1505.0;1790.0;1480.0;0.0;5:1505:1790:1480
804;2025-12-05 09:58:51;0;C6:F9:7D:D0:EA:64;b8:27:eb:45:02:71;5.0;1503.0;1803.0;1483.0;0.0;5:1503:1803:1483
805;2025-12-05 09:58:52;0;C6:F9:7D:D0:EA:64;b8:27:eb:45:02:71;5.0;1519.0;1800.0;1475.0;0.0;5:1519:1800:1475
806;2025-12-05 09:58:52;0;C6:F9:7D:D0:EA:64;b8:27:eb:45:02:71;5.0;1505.0;1800.0;1477.0;0.0;5:1505:1800:1477
807;2025-12-05 09:58:53;0;C6:F9:7D:D0:EA:64;b8:27:eb:45:02:71;5.0;1500.0;1805.0;1500.0;0.0;5:1500:1805:1500
808;2025-12-05 09:58:53;0;C6:F9:7D:D0:EA:64;b8:27:eb:45:02:71;5.0;1502.0;1802.0;1479.0;0.0;5:1502:1802:1479
809;2025-12-05 09:58:54;0;C6:F9:7D:D0:EA:64;b8:27:eb:45:02:71;5.0;1501.0;1799.0;1477.0;0.0;5:1501:1799:1477
810;2025-12-05 09:58:54;0;C6:F9:7D:D0:EA:64;b8:27:eb:45:02:71;5.0;1505.0;1795.0;1487.0;0.0;5:1505:1795:1487
811;2025-12-05 09:58:55;0;C6:F9:7D:D0:EA:64;b8:27:eb:45:02:71;5.0;1503.0;1807.0;1487.0;0.0;5:1503:1807:1487
812;2025-12-05 09:58:55;0;C6:F9:7D:D0:EA:64;b8:27:eb:45:02:71;5.0;1505.0;1800.0;1485.0;0.0;5:1505:1800:1485
813;2025-12-05 09:58:56;0;C6:F9:7D:D0:EA:64;b8:27:eb:45:02:71;5.0;1523.0;1795.0;1510.0;0.0;5:1523:1795:1510
814;2025-12-05 09:58:56;0;C6:F9:7D:D0:EA:64;b8:27:eb:45:02:71;5.0;1505.0;1810.0;1482.0;0.0;5:1505:1810:1482
815;2025-12-05 09:58:57;0;C6:F9:7D:D0:EA:64;b8:27:eb:45:02:71;5.0;1500.0;1802.0;1495.0;0.0;5:1500:1802:1495
816;2025-12-05 09:58:57;0;C6:F9:7D:D0:EA:64;b8:27:eb:45:02:71;5.0;1503.0;1800.0;1495.0;0.0;5:1503:1800:1495
817;2025-12-05 09:58:58;0;C6:F9:7D:D0:EA:64;b8:27:eb:45:02:71;0.0;1484.0;1867.0;1480.0;0.0;0:1484:1867:1480
818;2025-12-05 09:58:58;0;C6:F9:7D:D0:EA:64;b8:27:eb:45:02:71;0.0;1387.0;1564.0;1806.0;0.0;0:1387:1564:1806
819;2025-12-05 09:58:59;0;C6:F9:7D:D0:EA:64;b8:27:eb:45:02:71;0.0;1483.0;1557.0;1772.0;0.0;0:1483:1557:1772
820;2025-12-05 09:58:59;0;C6:F9:7D:D0:EA:64;b8:27:eb:45:02:71;0.0;1472.0;1533.0;1782.0;0.0;0:1472:1533:1782
821;2025-12-05 09:59:00;0;C6:F9:7D:D0:EA:64;b8:27:eb:45:02:71;0.0;1497.0;1439.0;1785.0;0.0;0:1497:1439:1785
822;2025-12-05 09:59:00;0;C6:F9:7D:D0:EA:64;b8:27:eb:45:02:71;0.0;1483.0;1412.0;1776.0;0.0;0:1483:1412:1776
823;2025-12-05 09:59:01;0;C6:F9:7D:D0:EA:64;b8:27:eb:45:02:71;0.0;1500.0;1440.0;1786.0;0.0;0:1500:1440:1786
824;2025-12-05 09:59:01;0;C6:F9:7D:D0:EA:64;b8:27:eb:45:02:71;0.0;1495.0;1442.0;1797.0;0.0;0:1495:1442:1797
825;2025-12-05 09:59:02;0;C6:F9:7D:D0:EA:64;b8:27:eb:45:02:71;0.0;1496.0;1455.0;1799.0;0.0;0:1496:1455:1799
